[{"model": "clientes.segmento", "pk": 1, "fields": {"nome": "MODA FEMININA", "descricao": ""}}, {"model": "clientes.segmento", "pk": 2, "fields": {"nome": "MODA INTIMA", "descricao": ""}}, {"model": "clientes.segmento", "pk": 3, "fields": {"nome": "BIJU E ACESSËRIOS", "descricao": ""}}, {"model": "clientes.segmento", "pk": 4, "fields": {"nome": "ACESSËRIOS ELETRÈNICOS", "descricao": ""}}, {"model": "clientes.segmento", "pk": 5, "fields": {"nome": "ARTESANAL", "descricao": ""}}, {"model": "clientes.segmento", "pk": 6, "fields": {"nome": "MODA MASCULINA", "descricao": ""}}, {"model": "clientes.segmento", "pk": 7, "fields": {"nome": "SERVIÃO GERAIS", "descricao": ""}}, {"model": "clientes.tipocliente", "pk": 1, "fields": {"nome": "INDICAÃ├O", "descricao": ""}}, {"model": "clientes.tipocliente", "pk": 2, "fields": {"nome": "INSTAGRAM", "descricao": ""}}, {"model": "clientes.tipocliente", "pk": 3, "fields": {"nome": "FACEBOOK", "descricao": ""}}, {"model": "clientes.tipocliente", "pk": 4, "fields": {"nome": "IND. TANIA", "descricao": ""}}, {"model": "clientes.cliente", "pk": 1, "fields": {"codigo": "00001", "cpf_cnpj": null, "nome": "DOUGLAS VIEIRA", "email": null, "telefone": "(11) 95884-7340", "tipo_cliente": 1, "segmento": 4, "ativo": true, "observacao": "", "data_cadastro": "2025-06-27T02:15:38.034Z", "criado_por": null, "programa_fidelidade": null, "pontos_fidelidade": 0, "nome_loja": "MV PRINT", "tags": []}}, {"model": "clientes.cliente", "pk": 3, "fields": {"codigo": "00002", "cpf_cnpj": null, "nome": "GRAZIELE RODRIGUES SANTANA", "email": null, "telefone": "(11) 97951-7829", "tipo_cliente": 4, "segmento": 1, "ativo": true, "observacao": "", "data_cadastro": "2025-06-27T02:46:28.482Z", "criado_por": null, "programa_fidelidade": null, "pontos_fidelidade": 0, "nome_loja": "BELLY MODAS", "tags": []}}, {"model": "clientes.cliente", "pk": 4, "fields": {"codigo": "00003", "cpf_cnpj": "850.363.660-34", "nome": "NATALI NAOMI MACHADO DOS SANTOS", "email": null, "telefone": "(51) 99284-0190", "tipo_cliente": 1, "segmento": 1, "ativo": true, "observacao": "", "data_cadastro": "2025-06-27T03:14:16.624Z", "criado_por": null, "programa_fidelidade": null, "pontos_fidelidade": 0, "nome_loja": "NS MODA FEMININA", "tags": []}}, {"model": "clientes.cliente", "pk": 5, "fields": {"codigo": "00004", "cpf_cnpj": null, "nome": "AMANDA CRISTINA SOLIDADE  SILVA", "email": null, "telefone": "(38) 99742-5818", "tipo_cliente": 2, "segmento": 6, "ativo": true, "observacao": "", "data_cadastro": "2025-06-27T19:09:50.119Z", "criado_por": null, "programa_fidelidade": null, "pontos_fidelidade": 0, "nome_loja": "PREMIUM BOOTS", "tags": []}}, {"model": "clientes.cliente", "pk": 6, "fields": {"codigo": "00005", "cpf_cnpj": null, "nome": "MAYARA CARLOS LOZANO", "email": null, "telefone": "(11) 98737-4956", "tipo_cliente": 1, "segmento": 1, "ativo": true, "observacao": "", "data_cadastro": "2025-06-28T00:20:44.620Z", "criado_por": null, "programa_fidelidade": null, "pontos_fidelidade": 0, "nome_loja": "MAY CLOSET", "tags": []}}, {"model": "clientes.cliente", "pk": 7, "fields": {"codigo": "00006", "cpf_cnpj": null, "nome": "CLEO BARBOSA", "email": null, "telefone": "(11) 97994-3571", "tipo_cliente": 1, "segmento": 1, "ativo": true, "observacao": "", "data_cadastro": "2025-06-28T00:22:07.060Z", "criado_por": null, "programa_fidelidade": null, "pontos_fidelidade": 0, "nome_loja": "REDHEAD'S", "tags": []}}, {"model": "clientes.cliente", "pk": 8, "fields": {"codigo": "00007", "cpf_cnpj": null, "nome": "NAYARA AZEVEDO", "email": null, "telefone": "(11) 98189-3609", "tipo_cliente": 2, "segmento": 3, "ativo": true, "observacao": "", "data_cadastro": "2025-06-28T00:24:09.512Z", "criado_por": null, "programa_fidelidade": null, "pontos_fidelidade": 0, "nome_loja": "NL NAYARA ACESSORIOS", "tags": []}}, {"model": "clientes.cliente", "pk": 9, "fields": {"codigo": "00008", "cpf_cnpj": "070.421.945-00", "nome": "NATALIA MATOS DOS ANJOS", "email": null, "telefone": "(75) 09249-7211", "tipo_cliente": 1, "segmento": 1, "ativo": true, "observacao": "", "data_cadastro": "2025-06-28T00:31:09.463Z", "criado_por": null, "programa_fidelidade": null, "pontos_fidelidade": 0, "nome_loja": "ENCANTO MODAS", "tags": []}}, {"model": "clientes.cliente", "pk": 10, "fields": {"codigo": "00009", "cpf_cnpj": null, "nome": "MISLENE", "email": null, "telefone": "(11) 91225-4485", "tipo_cliente": 2, "segmento": 1, "ativo": true, "observacao": "", "data_cadastro": "2025-06-28T00:36:25.859Z", "criado_por": null, "programa_fidelidade": null, "pontos_fidelidade": 0, "nome_loja": "CANTINHO DA MIS", "tags": []}}, {"model": "clientes.cliente", "pk": 11, "fields": {"codigo": "00010", "cpf_cnpj": null, "nome": "GRASI", "email": null, "telefone": "(11) 98255-8838", "tipo_cliente": 2, "segmento": 1, "ativo": true, "observacao": "", "data_cadastro": "2025-06-28T00:39:11.867Z", "criado_por": null, "programa_fidelidade": null, "pontos_fidelidade": 0, "nome_loja": "USE GRASI", "tags": []}}, {"model": "clientes.cliente", "pk": 12, "fields": {"codigo": "00011", "cpf_cnpj": "054.496.105-64", "nome": "JESSICA MERONE", "email": null, "telefone": "(11) 99386-3997", "tipo_cliente": 1, "segmento": 1, "ativo": true, "observacao": "", "data_cadastro": "2025-06-28T00:41:29.187Z", "criado_por": null, "programa_fidelidade": null, "pontos_fidelidade": 0, "nome_loja": "NUANCE LUXUOSA", "tags": []}}, {"model": "clientes.cliente", "pk": 13, "fields": {"codigo": "00012", "cpf_cnpj": null, "nome": "VALERIA INACIA DE MENEZES", "email": null, "telefone": "(11) 99518-3886", "tipo_cliente": 4, "segmento": 1, "ativo": true, "observacao": "", "data_cadastro": "2025-06-28T00:44:35.129Z", "criado_por": null, "programa_fidelidade": null, "pontos_fidelidade": 0, "nome_loja": "VGLOSS", "tags": []}}, {"model": "clientes.cliente", "pk": 14, "fields": {"codigo": "00013", "cpf_cnpj": null, "nome": "MARIA APARECIDA DOS SANTOS ALMEIDA", "email": null, "telefone": "(11) 95295-9707", "tipo_cliente": 2, "segmento": 1, "ativo": true, "observacao": "", "data_cadastro": "2025-06-28T00:50:47.534Z", "criado_por": null, "programa_fidelidade": null, "pontos_fidelidade": 0, "nome_loja": "MARISSA MODAS", "tags": []}}, {"model": "clientes.cliente", "pk": 15, "fields": {"codigo": "00014", "cpf_cnpj": null, "nome": "CINTIA FERREIRA DA SILVA", "email": null, "telefone": "(11) 96434-8662", "tipo_cliente": 1, "segmento": 1, "ativo": true, "observacao": "", "data_cadastro": "2025-06-28T00:54:14.303Z", "criado_por": null, "programa_fidelidade": null, "pontos_fidelidade": 0, "nome_loja": "RUBI MODAS", "tags": []}}, {"model": "clientes.cliente", "pk": 16, "fields": {"codigo": "00015", "cpf_cnpj": null, "nome": "RAYZA GONÃALVES", "email": null, "telefone": "(11) 95290-9736", "tipo_cliente": 2, "segmento": 1, "ativo": true, "observacao": "", "data_cadastro": "2025-07-01T18:29:42.649Z", "criado_por": null, "programa_fidelidade": null, "pontos_fidelidade": 0, "nome_loja": "RG BOUTIQUE", "tags": []}}, {"model": "clientes.cliente", "pk": 17, "fields": {"codigo": "00016", "cpf_cnpj": null, "nome": "MARIA EDUARDA JESUS DE LIMA", "email": null, "telefone": "(11) 93940-0185", "tipo_cliente": 2, "segmento": null, "ativo": true, "observacao": "", "data_cadastro": "2025-07-03T16:04:47.567Z", "criado_por": null, "programa_fidelidade": null, "pontos_fidelidade": 0, "nome_loja": "PRECIOSA ACESSORIOS", "tags": []}}, {"model": "clientes.cliente", "pk": 18, "fields": {"codigo": "00017", "cpf_cnpj": null, "nome": "JULIANA MIGUEL SANTIAGO", "email": null, "telefone": "(21) 96916-1935", "tipo_cliente": 2, "segmento": 1, "ativo": true, "observacao": "", "data_cadastro": "2025-07-03T16:08:49.560Z", "criado_por": null, "programa_fidelidade": null, "pontos_fidelidade": 0, "nome_loja": "JM ROUPAS ACESSORIOS", "tags": []}}, {"model": "clientes.cliente", "pk": 19, "fields": {"codigo": "00018", "cpf_cnpj": null, "nome": "TALITA OLVEIRA BARBOSA", "email": null, "telefone": "(12) 98863-4085", "tipo_cliente": 2, "segmento": 1, "ativo": true, "observacao": "", "data_cadastro": "2025-07-03T17:48:01.611Z", "criado_por": null, "programa_fidelidade": null, "pontos_fidelidade": 0, "nome_loja": "TALITA MODAS", "tags": []}}, {"model": "clientes.cliente", "pk": 20, "fields": {"codigo": "00019", "cpf_cnpj": null, "nome": "DANIELA BUENO", "email": null, "telefone": "(11) 94979-1005", "tipo_cliente": 2, "segmento": 4, "ativo": true, "observacao": "", "data_cadastro": "2025-07-03T18:33:21.931Z", "criado_por": null, "programa_fidelidade": null, "pontos_fidelidade": 0, "nome_loja": "BELLA COR", "tags": []}}, {"model": "clientes.cliente", "pk": 21, "fields": {"codigo": "00020", "cpf_cnpj": null, "nome": "MEIRE VELOSO", "email": null, "telefone": "(18) 93505-5758", "tipo_cliente": 1, "segmento": null, "ativo": true, "observacao": "", "data_cadastro": "2025-07-03T18:55:54.076Z", "criado_por": null, "programa_fidelidade": null, "pontos_fidelidade": 0, "nome_loja": null, "tags": []}}, {"model": "clientes.cliente", "pk": 22, "fields": {"codigo": "00021", "cpf_cnpj": null, "nome": "NATHALIE CRISTINA DE OLIVEIRA", "email": null, "telefone": "(17) 98133-4618", "tipo_cliente": 2, "segmento": 5, "ativo": true, "observacao": "", "data_cadastro": "2025-07-05T13:49:36.415Z", "criado_por": null, "programa_fidelidade": null, "pontos_fidelidade": 0, "nome_loja": null, "tags": []}}, {"model": "clientes.cliente", "pk": 23, "fields": {"codigo": "00022", "cpf_cnpj": null, "nome": "REGINALDO CRUZ", "email": null, "telefone": "(11) 93014-9036", "tipo_cliente": 2, "segmento": 3, "ativo": true, "observacao": "", "data_cadastro": "2025-07-05T14:16:17.658Z", "criado_por": null, "programa_fidelidade": null, "pontos_fidelidade": 0, "nome_loja": null, "tags": []}}, {"model": "clientes.cliente", "pk": 24, "fields": {"codigo": "00023", "cpf_cnpj": null, "nome": "DAYANE MEDEIROS DA ROCHA", "email": null, "telefone": "(11) 96832-7453", "tipo_cliente": 2, "segmento": 4, "ativo": true, "observacao": "", "data_cadastro": "2025-07-06T14:56:11.320Z", "criado_por": null, "programa_fidelidade": null, "pontos_fidelidade": 0, "nome_loja": null, "tags": []}}, {"model": "clientes.cliente", "pk": 25, "fields": {"codigo": "00024", "cpf_cnpj": null, "nome": "RENATA ENCONTEMAS DA DIVERSIDADE", "email": null, "telefone": "(11) 96822-8622", "tipo_cliente": null, "segmento": null, "ativo": true, "observacao": "", "data_cadastro": "2025-07-06T19:06:27.732Z", "criado_por": null, "programa_fidelidade": null, "pontos_fidelidade": 0, "nome_loja": null, "tags": []}}, {"model": "clientes.cliente", "pk": 26, "fields": {"codigo": "00025", "cpf_cnpj": null, "nome": "JOSELIO BATISTA", "email": "JBA.DECORES@OUTLOOK.COM.BR", "telefone": "(11) 96427-4342", "tipo_cliente": 1, "segmento": 7, "ativo": true, "observacao": "", "data_cadastro": "2025-07-07T14:51:42.236Z", "criado_por": null, "programa_fidelidade": null, "pontos_fidelidade": 0, "nome_loja": "JBA DECORES", "tags": []}}, {"model": "clientes.cliente", "pk": 27, "fields": {"codigo": "00026", "cpf_cnpj": null, "nome": "ALINE ALVARENGA", "email": null, "telefone": "(11) 99233-8406", "tipo_cliente": 2, "segmento": 1, "ativo": true, "observacao": "", "data_cadastro": "2025-07-07T19:03:31.401Z", "criado_por": null, "programa_fidelidade": null, "pontos_fidelidade": 0, "nome_loja": "LOPPI PIJAMAS", "tags": []}}, {"model": "clientes.cliente", "pk": 28, "fields": {"codigo": "00027", "cpf_cnpj": null, "nome": "DIOGO ALEXANDRE", "email": null, "telefone": "(11) 98627-7219", "tipo_cliente": 2, "segmento": 1, "ativo": true, "observacao": "", "data_cadastro": "2025-07-07T19:06:01.184Z", "criado_por": null, "programa_fidelidade": null, "pontos_fidelidade": 0, "nome_loja": "AMANDA LIMA BOUTIQUE", "tags": []}}, {"model": "clientes.cliente", "pk": 29, "fields": {"codigo": "00028", "cpf_cnpj": null, "nome": "MATHEUS RAFAL", "email": null, "telefone": "(11) 98743-9604", "tipo_cliente": null, "segmento": null, "ativo": true, "observacao": "", "data_cadastro": "2025-07-09T14:51:32.883Z", "criado_por": null, "programa_fidelidade": null, "pontos_fidelidade": 0, "nome_loja": null, "tags": []}}, {"model": "clientes.cliente", "pk": 30, "fields": {"codigo": "00029", "cpf_cnpj": null, "nome": "HELO MORAES", "email": null, "telefone": "(62) 99434-1921", "tipo_cliente": null, "segmento": null, "ativo": true, "observacao": "", "data_cadastro": "2025-07-09T14:53:33.164Z", "criado_por": null, "programa_fidelidade": null, "pontos_fidelidade": 0, "nome_loja": null, "tags": []}}, {"model": "clientes.cliente", "pk": 31, "fields": {"codigo": "00030", "cpf_cnpj": null, "nome": "REINALDO FRANS", "email": null, "telefone": "(11) 98181-8802", "tipo_cliente": 2, "segmento": 1, "ativo": true, "observacao": "", "data_cadastro": "2025-07-09T14:58:35.891Z", "criado_por": null, "programa_fidelidade": null, "pontos_fidelidade": 0, "nome_loja": "CAMIS KRUGUER", "tags": []}}, {"model": "clientes.cliente", "pk": 32, "fields": {"codigo": "00031", "cpf_cnpj": null, "nome": "GISLAINE GONÃALVES GANDRA", "email": null, "telefone": "(37) 99857-5705", "tipo_cliente": 2, "segmento": null, "ativo": true, "observacao": "", "data_cadastro": "2025-07-10T12:32:16.875Z", "criado_por": null, "programa_fidelidade": null, "pontos_fidelidade": 0, "nome_loja": "VELLUXE", "tags": []}}, {"model": "clientes.cliente", "pk": 33, "fields": {"codigo": "00032", "cpf_cnpj": null, "nome": "THAIANNE MARTINS DO NASCIMENTO", "email": null, "telefone": "(11) 98379-7343", "tipo_cliente": 2, "segmento": 1, "ativo": true, "observacao": "", "data_cadastro": "2025-07-10T12:34:41.429Z", "criado_por": null, "programa_fidelidade": null, "pontos_fidelidade": 0, "nome_loja": "THAI MARTINS", "tags": []}}, {"model": "clientes.cliente", "pk": 34, "fields": {"codigo": "00033", "cpf_cnpj": null, "nome": "HELENA MARIASOUZZA", "email": null, "telefone": "(11) 96692-4479", "tipo_cliente": 2, "segmento": null, "ativo": true, "observacao": "", "data_cadastro": "2025-07-10T17:22:02.773Z", "criado_por": null, "programa_fidelidade": null, "pontos_fidelidade": 0, "nome_loja": null, "tags": []}}, {"model": "clientes.endereco", "pk": 1, "fields": {"cliente": 1, "cep": "08471-290", "logradouro": "Rua Gißcomo Fuoca", "numero": "185", "complemento": "casa1", "bairro": "Cidade Tiradentes", "cidade": "SÒo Paulo", "uf": "SP"}}, {"model": "clientes.endereco", "pk": 2, "fields": {"cliente": 3, "cep": "08490-010", "logradouro": "Avenida Doutor Guilherme de Abreu SodrÚ", "numero": "246", "complemento": "2 ANDAR", "bairro": "Vila HortÛncia", "cidade": "SÒo Paulo", "uf": "SP"}}, {"model": "clientes.endereco", "pk": 3, "fields": {"cliente": 4, "cep": "94460-450", "logradouro": "Rua GuinÚ", "numero": "106", "complemento": null, "bairro": "Martinica", "cidade": "ViamÒo", "uf": "RS"}}, {"model": "clientes.endereco", "pk": 4, "fields": {"cliente": 5, "cep": "39401-054", "logradouro": "Rua Deputado Ant¶nio Pimenta", "numero": "663", "complemento": null, "bairro": "Jardim SÒo Luiz", "cidade": "Montes Claros", "uf": "MG"}}, {"model": "clientes.endereco", "pk": 5, "fields": {"cliente": 6, "cep": "08390-100", "logradouro": "Rua Ant¶nio de Lemos e Faria", "numero": "100", "complemento": null, "bairro": "Jardim Santo AndrÚ", "cidade": "SÒo Paulo", "uf": "SP"}}, {"model": "clientes.endereco", "pk": 6, "fields": {"cliente": 7, "cep": "08320-370", "logradouro": "Rua Paulo Nunes FÚlix", "numero": "25", "complemento": null, "bairro": "Parque SÒo Rafael", "cidade": "SÒo Paulo", "uf": "SP"}}, {"model": "clientes.endereco", "pk": 7, "fields": {"cliente": 8, "cep": "08320-370", "logradouro": "Rua Paulo Nunes FÚlix", "numero": "253", "complemento": null, "bairro": "Parque SÒo Rafael", "cidade": "SÒo Paulo", "uf": "SP"}}, {"model": "clientes.endereco", "pk": 8, "fields": {"cliente": 9, "cep": "48705-000", "logradouro": "Rua Torquato Gomes", "numero": "95", "complemento": "Em uma clÝnica", "bairro": "centro", "cidade": "Barrocas", "uf": "BA"}}, {"model": "clientes.endereco", "pk": 9, "fields": {"cliente": 10, "cep": "08330-054", "logradouro": "Rua Fortaleza de Itapema", "numero": "46", "complemento": null, "bairro": "Jardim Vera Cruz(Zona Leste)", "cidade": "SÒo Paulo", "uf": "SP"}}, {"model": "clientes.endereco", "pk": 10, "fields": {"cliente": 11, "cep": "08420-020", "logradouro": "Rua Doutor Oliveira Arruda", "numero": "14", "complemento": null, "bairro": "Jardim Helena", "cidade": "SÒo Paulo", "uf": "SP"}}, {"model": "clientes.endereco", "pk": 11, "fields": {"cliente": 12, "cep": "08330-580", "logradouro": "Rua GÛmeos", "numero": "17", "complemento": null, "bairro": "Cidade SatÚlite Santa Bßrbara", "cidade": "SÒo Paulo", "uf": "SP"}}, {"model": "clientes.endereco", "pk": 12, "fields": {"cliente": 13, "cep": "08674-040", "logradouro": "Praþa JoÒo Pessoa", "numero": "79", "complemento": null, "bairro": "Centro", "cidade": "Suzano", "uf": "SP"}}, {"model": "clientes.endereco", "pk": 13, "fields": {"cliente": 14, "cep": "08295-030", "logradouro": "Rua SÒo FÚlix do PiauÝ", "numero": "478", "complemento": null, "bairro": "Vila Carmosina", "cidade": "SÒo Paulo", "uf": "SP"}}, {"model": "clientes.endereco", "pk": 14, "fields": {"cliente": 15, "cep": "08390-323", "logradouro": "Rua Vagner de Ara·jo", "numero": "91", "complemento": null, "bairro": "Jardim SÒo Francisco", "cidade": "SÒo Paulo", "uf": "SP"}}, {"model": "clientes.endereco", "pk": 15, "fields": {"cliente": 16, "cep": "09195-410", "logradouro": "Rua Coroados", "numero": "35", "complemento": "apto 02", "bairro": "Vila Pires", "cidade": "Santo AndrÚ", "uf": "SP"}}, {"model": "clientes.endereco", "pk": 16, "fields": {"cliente": 17, "cep": "04474-160", "logradouro": "Rua dos Dourados", "numero": "41B", "complemento": null, "bairro": "Jardim Santa Terezinha (Pedreira)", "cidade": "SÒo Paulo", "uf": "SP"}}, {"model": "clientes.endereco", "pk": 17, "fields": {"cliente": 18, "cep": "23060-070", "logradouro": "Rua Itambaraca", "numero": "256", "complemento": null, "bairro": "Campo Grande", "cidade": "Rio de Janeiro", "uf": "RJ"}}, {"model": "clientes.endereco", "pk": 18, "fields": {"cliente": 19, "cep": "12512-441", "logradouro": "Rua Bento Antunes Marcondes Quartim de Almeida Carvalho", "numero": "11", "complemento": "CASA", "bairro": "Residencial Bosque das Quaresmeiras", "cidade": "Guaratinguetß", "uf": "SP"}}, {"model": "clientes.endereco", "pk": 19, "fields": {"cliente": 20, "cep": "03277-010", "logradouro": "Rua James Stolz", "numero": "288", "complemento": "CASA A", "bairro": "Vila Ema", "cidade": "SÒo Paulo", "uf": "SP"}}, {"model": "clientes.endereco", "pk": 20, "fields": {"cliente": 21, "cep": "15387-054", "logradouro": "Rua 13", "numero": "158", "complemento": "PROXIMO A CRECHE", "bairro": "Jardim Aeroporto", "cidade": "Ilha Solteira", "uf": "SP"}}, {"model": "clientes.endereco", "pk": 21, "fields": {"cliente": 22, "cep": "15090-040", "logradouro": "Avenida Arthur Nonato", "numero": "4235", "complemento": null, "bairro": "Nova Redentora", "cidade": "SÒo JosÚ do Rio Preto", "uf": "SP"}}, {"model": "clientes.endereco", "pk": 22, "fields": {"cliente": 23, "cep": "05877-200", "logradouro": "Rua Cortegaca", "numero": "413", "complemento": null, "bairro": "Jardim Guarujß", "cidade": "SÒo Paulo", "uf": "SP"}}, {"model": "clientes.endereco", "pk": 23, "fields": {"cliente": 24, "cep": "08532-430", "logradouro": "Avenida Benedito Secundino Leite", "numero": "69", "complemento": null, "bairro": "Jardim Bela Vista", "cidade": "Ferraz de Vasconcelos", "uf": "SP"}}, {"model": "clientes.endereco", "pk": 24, "fields": {"cliente": 26, "cep": "08471-290", "logradouro": "Rua Gißcomo Fuoca", "numero": "200", "complemento": null, "bairro": "Cidade Tiradentes", "cidade": "SÒo Paulo", "uf": "SP"}}, {"model": "clientes.endereco", "pk": 25, "fields": {"cliente": 27, "cep": "04285-020", "logradouro": "Rua Regino AragÒo", "numero": "155", "complemento": "APTO  91", "bairro": "Vila Moinho Velho", "cidade": "SÒo Paulo", "uf": "SP"}}, {"model": "clientes.endereco", "pk": 26, "fields": {"cliente": 28, "cep": "03325-060", "logradouro": "Rua MossÔmedes", "numero": "141", "complemento": null, "bairro": "Vila Santo EstevÒo", "cidade": "SÒo Paulo", "uf": "SP"}}, {"model": "clientes.endereco", "pk": 27, "fields": {"cliente": 29, "cep": "09861-390", "logradouro": "Rua Austrßlia", "numero": "81", "complemento": "BL 05 APTO 13", "bairro": "IndependÛncia", "cidade": "SÒo Bernardo do Campo", "uf": "SP"}}, {"model": "clientes.endereco", "pk": 28, "fields": {"cliente": 30, "cep": "16375-252", "logradouro": "Avenida Pedro de Toledo", "numero": "1075", "complemento": null, "bairro": "Jardim SÒo Francisco", "cidade": "PromissÒo", "uf": "SP"}}, {"model": "clientes.endereco", "pk": 29, "fields": {"cliente": 31, "cep": "04205-000", "logradouro": "RUA CIPRIANO BARATA", "numero": "926", "complemento": "APT 11 A", "bairro": "IPIRANGA", "cidade": "SAO PAULO", "uf": "SP"}}, {"model": "clientes.endereco", "pk": 30, "fields": {"cliente": 32, "cep": "35524-125", "logradouro": "Rua JosÚ MilitÒo dos Reis", "numero": "393", "complemento": null, "bairro": "Park Dona Gumercinda Martins", "cidade": "Nova Serrana", "uf": "MG"}}, {"model": "clientes.endereco", "pk": 31, "fields": {"cliente": 33, "cep": "01524-030", "logradouro": "Rua Franþois Coty", "numero": "124", "complemento": "AP1705", "bairro": "Cambuci", "cidade": "SÒo Paulo", "uf": "SP"}}, {"model": "clientes.endereco", "pk": 32, "fields": {"cliente": 34, "cep": "85950-013", "logradouro": "Avenida IndependÛncia", "numero": "100", "complemento": null, "bairro": "Centro", "cidade": "Palotina", "uf": "PR"}}]
