[{"model": "clientes.segmento", "pk": 1, "fields": {"nome": "MODA FEMININA", "descricao": ""}}, {"model": "clientes.segmento", "pk": 2, "fields": {"nome": "MODA INTIMA", "descricao": ""}}, {"model": "clientes.segmento", "pk": 3, "fields": {"nome": "BIJU E ACESSÓRIOS", "descricao": ""}}, {"model": "clientes.segmento", "pk": 4, "fields": {"nome": "ACESSÓRIOS ELETRÔNICOS", "descricao": ""}}, {"model": "clientes.segmento", "pk": 5, "fields": {"nome": "ARTESANAL", "descricao": ""}}, {"model": "clientes.segmento", "pk": 6, "fields": {"nome": "MODA MASCULINA", "descricao": ""}}, {"model": "clientes.segmento", "pk": 7, "fields": {"nome": "SERVIÇO GERAIS", "descricao": ""}}, {"model": "clientes.tipocliente", "pk": 1, "fields": {"nome": "INDICAÇÃO", "descricao": ""}}, {"model": "clientes.tipocliente", "pk": 2, "fields": {"nome": "INSTAGRAM", "descricao": ""}}, {"model": "clientes.tipocliente", "pk": 3, "fields": {"nome": "FACEBOOK", "descricao": ""}}, {"model": "clientes.tipocliente", "pk": 4, "fields": {"nome": "IND. TANIA", "descricao": ""}}, {"model": "clientes.endereco", "pk": 1, "fields": {"cliente": 1, "cep": "08471-290", "logradouro": "Rua Giácomo Fuoca", "numero": "185", "complemento": "casa1", "bairro": "Cidade Tiradentes", "cidade": "São Paulo", "uf": "SP"}}, {"model": "clientes.endereco", "pk": 2, "fields": {"cliente": 3, "cep": "08490-010", "logradouro": "Avenida Doutor Guilherme de Abreu Sodré", "numero": "246", "complemento": "2 ANDAR", "bairro": "Vila Hortência", "cidade": "São Paulo", "uf": "SP"}}, {"model": "clientes.endereco", "pk": 3, "fields": {"cliente": 4, "cep": "94460-450", "logradouro": "Rua Guiné", "numero": "106", "complemento": null, "bairro": "Martinica", "cidade": "Viamão", "uf": "RS"}}, {"model": "clientes.endereco", "pk": 4, "fields": {"cliente": 5, "cep": "39401-054", "logradouro": "Rua Deputado Antônio Pimenta", "numero": "663", "complemento": null, "bairro": "Jardim São Luiz", "cidade": "Montes Claros", "uf": "MG"}}, {"model": "clientes.endereco", "pk": 5, "fields": {"cliente": 6, "cep": "08390-100", "logradouro": "Rua Antônio de Lemos e Faria", "numero": "100", "complemento": null, "bairro": "Jardim Santo André", "cidade": "São Paulo", "uf": "SP"}}, {"model": "clientes.endereco", "pk": 6, "fields": {"cliente": 7, "cep": "08320-370", "logradouro": "Rua Paulo Nunes Félix", "numero": "25", "complemento": null, "bairro": "Parque São Rafael", "cidade": "São Paulo", "uf": "SP"}}, {"model": "clientes.endereco", "pk": 7, "fields": {"cliente": 8, "cep": "08320-370", "logradouro": "Rua Paulo Nunes Félix", "numero": "253", "complemento": null, "bairro": "Parque São Rafael", "cidade": "São Paulo", "uf": "SP"}}, {"model": "clientes.endereco", "pk": 8, "fields": {"cliente": 9, "cep": "48705-000", "logradouro": "Rua Torquato Gomes", "numero": "95", "complemento": "Em uma clínica", "bairro": "centro", "cidade": "Barrocas", "uf": "BA"}}, {"model": "clientes.endereco", "pk": 9, "fields": {"cliente": 10, "cep": "08330-054", "logradouro": "Rua Fortaleza de Itapema", "numero": "46", "complemento": null, "bairro": "Jardim Vera Cruz(Zona Leste)", "cidade": "São Paulo", "uf": "SP"}}, {"model": "clientes.endereco", "pk": 10, "fields": {"cliente": 11, "cep": "08420-020", "logradouro": "Rua Doutor Oliveira Arruda", "numero": "14", "complemento": null, "bairro": "Jardim Helena", "cidade": "São Paulo", "uf": "SP"}}, {"model": "clientes.endereco", "pk": 11, "fields": {"cliente": 12, "cep": "08330-580", "logradouro": "Rua Gêmeos", "numero": "17", "complemento": null, "bairro": "Cidade Satélite Santa Bárbara", "cidade": "São Paulo", "uf": "SP"}}, {"model": "clientes.endereco", "pk": 12, "fields": {"cliente": 13, "cep": "08674-040", "logradouro": "Praça João Pessoa", "numero": "79", "complemento": null, "bairro": "Centro", "cidade": "Suzano", "uf": "SP"}}, {"model": "clientes.endereco", "pk": 13, "fields": {"cliente": 14, "cep": "08295-030", "logradouro": "Rua São Félix do Piauí", "numero": "478", "complemento": null, "bairro": "Vila Carmosina", "cidade": "São Paulo", "uf": "SP"}}, {"model": "clientes.endereco", "pk": 14, "fields": {"cliente": 15, "cep": "08390-323", "logradouro": "Rua Vagner de Araújo", "numero": "91", "complemento": null, "bairro": "Jardim São Francisco", "cidade": "São Paulo", "uf": "SP"}}, {"model": "clientes.endereco", "pk": 15, "fields": {"cliente": 16, "cep": "09195-410", "logradouro": "Rua Coroados", "numero": "35", "complemento": "apto 02", "bairro": "Vila Pires", "cidade": "Santo André", "uf": "SP"}}, {"model": "clientes.endereco", "pk": 16, "fields": {"cliente": 17, "cep": "04474-160", "logradouro": "Rua dos Dourados", "numero": "41B", "complemento": null, "bairro": "Jardim Santa Terezinha (Pedreira)", "cidade": "São Paulo", "uf": "SP"}}, {"model": "clientes.endereco", "pk": 17, "fields": {"cliente": 18, "cep": "23060-070", "logradouro": "Rua Itambaraca", "numero": "256", "complemento": null, "bairro": "Campo Grande", "cidade": "Rio de Janeiro", "uf": "RJ"}}, {"model": "clientes.endereco", "pk": 18, "fields": {"cliente": 19, "cep": "12512-441", "logradouro": "Rua Bento Antunes Marcondes Quartim de Almeida Carvalho", "numero": "11", "complemento": "CASA", "bairro": "Residencial Bosque das Quaresmeiras", "cidade": "Guaratinguetá", "uf": "SP"}}, {"model": "clientes.endereco", "pk": 19, "fields": {"cliente": 20, "cep": "03277-010", "logradouro": "Rua James Stolz", "numero": "288", "complemento": "CASA A", "bairro": "Vila Ema", "cidade": "São Paulo", "uf": "SP"}}, {"model": "clientes.endereco", "pk": 20, "fields": {"cliente": 21, "cep": "15387-054", "logradouro": "Rua 13", "numero": "158", "complemento": "PROXIMO A CRECHE", "bairro": "Jardim Aeroporto", "cidade": "Ilha Solteira", "uf": "SP"}}, {"model": "clientes.endereco", "pk": 21, "fields": {"cliente": 22, "cep": "15090-040", "logradouro": "Avenida Arthur Nonato", "numero": "4235", "complemento": null, "bairro": "Nova Redentora", "cidade": "São José do Rio Preto", "uf": "SP"}}, {"model": "clientes.endereco", "pk": 22, "fields": {"cliente": 23, "cep": "05877-200", "logradouro": "Rua Cortegaca", "numero": "413", "complemento": null, "bairro": "Jardim Guarujá", "cidade": "São Paulo", "uf": "SP"}}, {"model": "clientes.endereco", "pk": 23, "fields": {"cliente": 24, "cep": "08532-430", "logradouro": "Avenida Benedito Secundino Leite", "numero": "69", "complemento": null, "bairro": "Jardim Bela Vista", "cidade": "Ferraz de Vasconcelos", "uf": "SP"}}, {"model": "clientes.endereco", "pk": 24, "fields": {"cliente": 26, "cep": "08471-290", "logradouro": "Rua Giácomo Fuoca", "numero": "200", "complemento": null, "bairro": "Cidade Tiradentes", "cidade": "São Paulo", "uf": "SP"}}, {"model": "clientes.endereco", "pk": 25, "fields": {"cliente": 27, "cep": "04285-020", "logradouro": "Rua Regino Aragão", "numero": "155", "complemento": "APTO  91", "bairro": "Vila Moinho Velho", "cidade": "São Paulo", "uf": "SP"}}, {"model": "clientes.endereco", "pk": 26, "fields": {"cliente": 28, "cep": "03325-060", "logradouro": "Rua Mossâmedes", "numero": "141", "complemento": null, "bairro": "Vila Santo Estevão", "cidade": "São Paulo", "uf": "SP"}}, {"model": "clientes.endereco", "pk": 27, "fields": {"cliente": 29, "cep": "09861-390", "logradouro": "Rua Austrália", "numero": "81", "complemento": "BL 05 APTO 13", "bairro": "Independência", "cidade": "São Bernardo do Campo", "uf": "SP"}}, {"model": "clientes.endereco", "pk": 28, "fields": {"cliente": 30, "cep": "16375-252", "logradouro": "Avenida Pedro de Toledo", "numero": "1075", "complemento": null, "bairro": "Jardim São Francisco", "cidade": "Promissão", "uf": "SP"}}, {"model": "clientes.endereco", "pk": 29, "fields": {"cliente": 31, "cep": "04205-000", "logradouro": "RUA CIPRIANO BARATA", "numero": "926", "complemento": "APT 11 A", "bairro": "IPIRANGA", "cidade": "SAO PAULO", "uf": "SP"}}, {"model": "produtos.categoriaproduto", "pk": 1, "fields": {"nome": "SACOLAS", "descricao": "", "cor": "#6c757d", "ativo": true, "criado_em": "2025-06-27T02:37:43.983Z"}}, {"model": "produtos.categoriaproduto", "pk": 2, "fields": {"nome": "GRAFICA", "descricao": "", "cor": "#0485f6", "ativo": true, "criado_em": "2025-06-27T03:31:49.080Z"}}, {"model": "produtos.categoriaproduto", "pk": 3, "fields": {"nome": "MIMOS", "descricao": "", "cor": "#c15106", "ativo": true, "criado_em": "2025-06-27T03:32:03.179Z"}}, {"model": "produtos.categoriaproduto", "pk": 4, "fields": {"nome": "CANECAS", "descricao": "", "cor": "#b4f42a", "ativo": true, "criado_em": "2025-06-27T03:32:14.580Z"}}, {"model": "produtos.categoriaproduto", "pk": 5, "fields": {"nome": "CAMISETAS", "descricao": "", "cor": "#d6007d", "ativo": true, "criado_em": "2025-06-27T03:32:26.496Z"}}, {"model": "produtos.categoriaproduto", "pk": 6, "fields": {"nome": "ENVELOPE DE ENVIO", "descricao": "", "cor": "#000305", "ativo": true, "criado_em": "2025-06-27T23:25:41.949Z"}}, {"model": "produtos.categoriaproduto", "pk": 7, "fields": {"nome": "SACO PP E ZIP", "descricao": "", "cor": "#87b05e", "ativo": true, "criado_em": "2025-06-27T23:46:40.295Z"}}, {"model": "produtos.produto", "pk": 1, "fields": {"codigo": "00001", "codigo_barras": null, "descricao": "SACOLA PERSONALIZADA 16X20 (100UN)", "categoria": 1, "preco_custo": "47.40", "margem_lucro": "77.22", "preco_venda": "84.00", "despesas": "0.00", "impostos": "0.00", "estoque": 0, "estoque_minimo": 5, "unidade_medida": "UN", "peso": "0.000", "ativo": true, "custo": "0.00"}}, {"model": "produtos.produto", "pk": 2, "fields": {"codigo": "00002", "codigo_barras": null, "descricao": "SACOLA PERSONALIZADA 20X30 (100UN)", "categoria": 1, "preco_custo": "52.40", "margem_lucro": "79.39", "preco_venda": "94.00", "despesas": "0.00", "impostos": "0.00", "estoque": 0, "estoque_minimo": 5, "unidade_medida": "UN", "peso": "0.000", "ativo": true, "custo": "0.00"}}, {"model": "produtos.produto", "pk": 3, "fields": {"codigo": "00003", "codigo_barras": null, "descricao": "SACOLA PERSONALIZADA 25X35 (100UN)", "categoria": 1, "preco_custo": "62.40", "margem_lucro": "60.26", "preco_venda": "100.00", "despesas": "0.00", "impostos": "0.00", "estoque": 0, "estoque_minimo": 5, "unidade_medida": "UN", "peso": "0.000", "ativo": true, "custo": "0.00"}}, {"model": "produtos.produto", "pk": 4, "fields": {"codigo": "00004", "codigo_barras": null, "descricao": "SACOLA PERSONALIZADA 30X40 (100UN)", "categoria": 1, "preco_custo": "71.40", "margem_lucro": "72.27", "preco_venda": "123.00", "despesas": "0.00", "impostos": "0.00", "estoque": 0, "estoque_minimo": 5, "unidade_medida": "UN", "peso": "0.000", "ativo": true, "custo": "0.00"}}, {"model": "produtos.produto", "pk": 5, "fields": {"codigo": "00005", "codigo_barras": null, "descricao": "SACOLA PERSONALIZADA 35X50 (100UN)", "categoria": 1, "preco_custo": "93.40", "margem_lucro": "33.83", "preco_venda": "125.00", "despesas": "0.00", "impostos": "0.00", "estoque": 0, "estoque_minimo": 5, "unidade_medida": "UN", "peso": "0.000", "ativo": true, "custo": "0.00"}}, {"model": "produtos.produto", "pk": 6, "fields": {"codigo": "00006", "codigo_barras": null, "descricao": "SACOLA PERSONALIZADA 40X50 (100UN)", "categoria": 1, "preco_custo": "103.40", "margem_lucro": "83.75", "preco_venda": "190.00", "despesas": "0.00", "impostos": "0.00", "estoque": 0, "estoque_minimo": 5, "unidade_medida": "UN", "peso": "0.000", "ativo": true, "custo": "0.00"}}, {"model": "produtos.produto", "pk": 7, "fields": {"codigo": "00007", "codigo_barras": null, "descricao": "CANECA DE CERAMICA 375ML", "categoria": 4, "preco_custo": "14.00", "margem_lucro": "114.29", "preco_venda": "30.00", "despesas": "0.00", "impostos": "0.00", "estoque": 0, "estoque_minimo": 5, "unidade_medida": "UN", "peso": "0.000", "ativo": true, "custo": "0.00"}}, {"model": "produtos.produto", "pk": 8, "fields": {"codigo": "00008", "codigo_barras": null, "descricao": "CAMISETA DE POLIESTER", "categoria": 5, "preco_custo": "21.00", "margem_lucro": "42.86", "preco_venda": "30.00", "despesas": "0.00", "impostos": "0.00", "estoque": 0, "estoque_minimo": 5, "unidade_medida": "UN", "peso": "0.000", "ativo": true, "custo": "0.00"}}, {"model": "produtos.produto", "pk": 9, "fields": {"codigo": "00009", "codigo_barras": null, "descricao": "ENVELOPE DE ENVIO 16X20 (100UN)", "categoria": 6, "preco_custo": "47.40", "margem_lucro": "91.98", "preco_venda": "91.00", "despesas": "0.00", "impostos": "0.00", "estoque": 0, "estoque_minimo": 5, "unidade_medida": "UN", "peso": "0.000", "ativo": true, "custo": "0.00"}}, {"model": "produtos.produto", "pk": 10, "fields": {"codigo": "00010", "codigo_barras": null, "descricao": "ENVELOPE DE ENVIO 20X30 (100UN)", "categoria": 6, "preco_custo": "52.40", "margem_lucro": "98.47", "preco_venda": "104.00", "despesas": "0.00", "impostos": "0.00", "estoque": 0, "estoque_minimo": 5, "unidade_medida": "UN", "peso": "0.000", "ativo": true, "custo": "0.00"}}, {"model": "produtos.produto", "pk": 11, "fields": {"codigo": "00011", "codigo_barras": null, "descricao": "ENVELOPE DE ENVIO 25X35 (100UN)", "categoria": 6, "preco_custo": "62.40", "margem_lucro": "92.31", "preco_venda": "120.00", "despesas": "0.00", "impostos": "0.00", "estoque": 0, "estoque_minimo": 5, "unidade_medida": "UN", "peso": "0.000", "ativo": true, "custo": "0.00"}}, {"model": "produtos.produto", "pk": 12, "fields": {"codigo": "00012", "codigo_barras": null, "descricao": "ENVELOPE DE ENVIO 30X40 (100UN)", "categoria": 6, "preco_custo": "71.40", "margem_lucro": "124.09", "preco_venda": "160.00", "despesas": "0.00", "impostos": "0.00", "estoque": 0, "estoque_minimo": 5, "unidade_medida": "UN", "peso": "0.000", "ativo": true, "custo": "0.00"}}, {"model": "produtos.produto", "pk": 13, "fields": {"codigo": "00013", "codigo_barras": null, "descricao": "SACOLA ALÇA FITA 32X35 (100UN)", "categoria": 1, "preco_custo": "71.40", "margem_lucro": "152.10", "preco_venda": "180.00", "despesas": "0.00", "impostos": "0.00", "estoque": 0, "estoque_minimo": 5, "unidade_medida": "UN", "peso": "0.000", "ativo": true, "custo": "0.00"}}, {"model": "produtos.produto", "pk": 14, "fields": {"codigo": "00014", "codigo_barras": null, "descricao": "SACOLA ALÇA FITA  40X40 (100UN)", "categoria": 1, "preco_custo": "93.40", "margem_lucro": "124.84", "preco_venda": "210.00", "despesas": "0.00", "impostos": "0.00", "estoque": 0, "estoque_minimo": 5, "unidade_medida": "UN", "peso": "0.000", "ativo": true, "custo": "0.00"}}, {"model": "produtos.produto", "pk": 15, "fields": {"codigo": "00015", "codigo_barras": null, "descricao": "SACOLA ALÇA FITA  46X46 (100UN)", "categoria": 1, "preco_custo": "103.40", "margem_lucro": "141.78", "preco_venda": "250.00", "despesas": "0.00", "impostos": "0.00", "estoque": 0, "estoque_minimo": 5, "unidade_medida": "UN", "peso": "0.000", "ativo": true, "custo": "0.00"}}, {"model": "produtos.produto", "pk": 16, "fields": {"codigo": "00016", "codigo_barras": null, "descricao": "SACO PP ADESIVADO 16X20 (100UN)", "categoria": 7, "preco_custo": "45.00", "margem_lucro": "48.89", "preco_venda": "67.00", "despesas": "0.00", "impostos": "0.00", "estoque": 0, "estoque_minimo": 5, "unidade_medida": "UN", "peso": "0.000", "ativo": true, "custo": "0.00"}}, {"model": "produtos.produto", "pk": 17, "fields": {"codigo": "00017", "codigo_barras": null, "descricao": "SACO PP ADESIVADO 20X30 (100UN)", "categoria": 7, "preco_custo": "57.30", "margem_lucro": "48.34", "preco_venda": "85.00", "despesas": "0.00", "impostos": "0.00", "estoque": 0, "estoque_minimo": 5, "unidade_medida": "UN", "peso": "0.000", "ativo": true, "custo": "0.00"}}, {"model": "produtos.produto", "pk": 18, "fields": {"codigo": "00018", "codigo_barras": null, "descricao": "SACO PP ADESIVADO 30X40 (100UN)", "categoria": 7, "preco_custo": "71.30", "margem_lucro": "47.27", "preco_venda": "105.00", "despesas": "0.00", "impostos": "0.00", "estoque": 0, "estoque_minimo": 5, "unidade_medida": "UN", "peso": "0.000", "ativo": true, "custo": "0.00"}}, {"model": "produtos.produto", "pk": 19, "fields": {"codigo": "00019", "codigo_barras": null, "descricao": "SACO EVA ZIP FOSCO 25X35 (100UN)", "categoria": 7, "preco_custo": "129.40", "margem_lucro": "31.38", "preco_venda": "170.00", "despesas": "0.00", "impostos": "0.00", "estoque": 0, "estoque_minimo": 5, "unidade_medida": "UN", "peso": "0.000", "ativo": true, "custo": "0.00"}}, {"model": "produtos.produto", "pk": 20, "fields": {"codigo": "00020", "codigo_barras": null, "descricao": "SACO EVA ZIP FOSCO 30X40 (100UN)", "categoria": 7, "preco_custo": "149.40", "margem_lucro": "27.18", "preco_venda": "190.00", "despesas": "0.00", "impostos": "0.00", "estoque": 0, "estoque_minimo": 5, "unidade_medida": "UN", "peso": "0.000", "ativo": true, "custo": "0.00"}}, {"model": "produtos.produto", "pk": 21, "fields": {"codigo": "00021", "codigo_barras": null, "descricao": "SACO EVA ZIP FOSCO 35X45 (100UN)", "categoria": 7, "preco_custo": "189.40", "margem_lucro": "30.94", "preco_venda": "248.00", "despesas": "0.00", "impostos": "0.00", "estoque": 0, "estoque_minimo": 5, "unidade_medida": "UN", "peso": "0.000", "ativo": true, "custo": "0.00"}}, {"model": "produtos.produto", "pk": 22, "fields": {"codigo": "00022", "codigo_barras": null, "descricao": "CAMISETA DE ALGODÃO", "categoria": 5, "preco_custo": "64.00", "margem_lucro": "25.00", "preco_venda": "80.00", "despesas": "0.00", "impostos": "0.00", "estoque": 0, "estoque_minimo": 5, "unidade_medida": "UN", "peso": "0.000", "ativo": true, "custo": "0.00"}}, {"model": "produtos.produto", "pk": 23, "fields": {"codigo": "00023", "codigo_barras": null, "descricao": "BALAS AVULSAS", "categoria": 3, "preco_custo": "18.00", "margem_lucro": "94.44", "preco_venda": "35.00", "despesas": "0.00", "impostos": "0.00", "estoque": 0, "estoque_minimo": 5, "unidade_medida": "UN", "peso": "0.000", "ativo": true, "custo": "0.00"}}, {"model": "produtos.produto", "pk": 24, "fields": {"codigo": "00024", "codigo_barras": null, "descricao": "CARTAO DE VISITA", "categoria": 2, "preco_custo": "60.00", "margem_lucro": "0.00", "preco_venda": "60.00", "despesas": "0.00", "impostos": "0.00", "estoque": 0, "estoque_minimo": 5, "unidade_medida": "UN", "peso": "0.000", "ativo": true, "custo": "0.00"}}, {"model": "pedidos.itempedido", "pk": 1, "fields": {"pedido": 1, "produto": 5, "quantidade": "2.00", "preco_unitario": "125.00", "desconto_item": "0.00", "observacoes": "SACOLA PINK COM ARTE PRETA"}}, {"model": "pedidos.itempedido", "pk": 2, "fields": {"pedido": 2, "produto": 6, "quantidade": "1.50", "preco_unitario": "190.00", "desconto_item": "0.00", "observacoes": "150 unida"}}, {"model": "pedidos.itempedido", "pk": 3, "fields": {"pedido": 3, "produto": 2, "quantidade": "1.00", "preco_unitario": "94.00", "desconto_item": "0.00", "observacoes": "sacola branca - arte pink"}}, {"model": "pedidos.itempedido", "pk": 4, "fields": {"pedido": 4, "produto": 14, "quantidade": "1.00", "preco_unitario": "210.00", "desconto_item": "0.00", "observacoes": ""}}, {"model": "pedidos.itempedido", "pk": 5, "fields": {"pedido": 4, "produto": 4, "quantidade": "1.00", "preco_unitario": "123.00", "desconto_item": "0.00", "observacoes": ""}}, {"model": "pedidos.itempedido", "pk": 6, "fields": {"pedido": 4, "produto": 18, "quantidade": "1.00", "preco_unitario": "90.00", "desconto_item": "0.00", "observacoes": ""}}, {"model": "pedidos.itempedido", "pk": 7, "fields": {"pedido": 5, "produto": 1, "quantidade": "1.00", "preco_unitario": "84.00", "desconto_item": "0.00", "observacoes": ""}}, {"model": "pedidos.itempedido", "pk": 8, "fields": {"pedido": 5, "produto": 3, "quantidade": "1.00", "preco_unitario": "100.00", "desconto_item": "0.00", "observacoes": ""}}, {"model": "pedidos.itempedido", "pk": 9, "fields": {"pedido": 6, "produto": 6, "quantidade": "1.00", "preco_unitario": "190.00", "desconto_item": "0.00", "observacoes": ""}}, {"model": "pedidos.itempedido", "pk": 10, "fields": {"pedido": 7, "produto": 4, "quantidade": "1.00", "preco_unitario": "123.00", "desconto_item": "0.00", "observacoes": ""}}, {"model": "pedidos.itempedido", "pk": 11, "fields": {"pedido": 7, "produto": 3, "quantidade": "1.00", "preco_unitario": "100.00", "desconto_item": "0.00", "observacoes": ""}}, {"model": "pedidos.itempedido", "pk": 12, "fields": {"pedido": 8, "produto": 23, "quantidade": "1.00", "preco_unitario": "35.00", "desconto_item": "0.00", "observacoes": ""}}, {"model": "pedidos.itempedido", "pk": 13, "fields": {"pedido": 9, "produto": 23, "quantidade": "2.00", "preco_unitario": "35.00", "desconto_item": "0.00", "observacoes": ""}}, {"model": "pedidos.itempedido", "pk": 14, "fields": {"pedido": 10, "produto": 23, "quantidade": "1.00", "preco_unitario": "35.00", "desconto_item": "0.00", "observacoes": ""}}, {"model": "pedidos.itempedido", "pk": 15, "fields": {"pedido": 11, "produto": 3, "quantidade": "2.00", "preco_unitario": "100.00", "desconto_item": "0.00", "observacoes": ""}}, {"model": "pedidos.itempedido", "pk": 16, "fields": {"pedido": 12, "produto": 13, "quantidade": "1.00", "preco_unitario": "180.00", "desconto_item": "0.00", "observacoes": "sacola preta  - arte dourada"}}, {"model": "pedidos.itempedido", "pk": 17, "fields": {"pedido": 13, "produto": 24, "quantidade": "1.00", "preco_unitario": "130.00", "desconto_item": "0.00", "observacoes": ""}}, {"model": "pedidos.itempedido", "pk": 18, "fields": {"pedido": 14, "produto": 23, "quantidade": "3.00", "preco_unitario": "35.00", "desconto_item": "0.00", "observacoes": ""}}, {"model": "pedidos.itempedido", "pk": 19, "fields": {"pedido": 15, "produto": 22, "quantidade": "10.00", "preco_unitario": "55.00", "desconto_item": "0.00", "observacoes": "CAMISETA CINZA MESCLA 5G E 5GG"}}, {"model": "pedidos.itempedido", "pk": 20, "fields": {"pedido": 16, "produto": 4, "quantidade": "1.00", "preco_unitario": "123.00", "desconto_item": "0.00", "observacoes": ""}}, {"model": "pedidos.itempedido", "pk": 21, "fields": {"pedido": 17, "produto": 4, "quantidade": "5.00", "preco_unitario": "123.00", "desconto_item": "0.00", "observacoes": ""}}, {"model": "pedidos.itempedido", "pk": 22, "fields": {"pedido": 17, "produto": 6, "quantidade": "2.00", "preco_unitario": "190.00", "desconto_item": "0.00", "observacoes": ""}}, {"model": "pedidos.itempedido", "pk": 23, "fields": {"pedido": 17, "produto": 14, "quantidade": "1.00", "preco_unitario": "210.00", "desconto_item": "0.00", "observacoes": ""}}, {"model": "pedidos.itempedido", "pk": 24, "fields": {"pedido": 18, "produto": 2, "quantidade": "1.00", "preco_unitario": "94.00", "desconto_item": "0.00", "observacoes": "sacola branca com arte cor salmao"}}, {"model": "pedidos.itempedido", "pk": 25, "fields": {"pedido": 19, "produto": 22, "quantidade": "2.00", "preco_unitario": "80.00", "desconto_item": "0.00", "observacoes": ""}}, {"model": "pedidos.itempedido", "pk": 26, "fields": {"pedido": 20, "produto": 23, "quantidade": "2.00", "preco_unitario": "35.00", "desconto_item": "0.00", "observacoes": ""}}, {"model": "pedidos.itempedido", "pk": 27, "fields": {"pedido": 21, "produto": 4, "quantidade": "1.00", "preco_unitario": "123.00", "desconto_item": "0.00", "observacoes": ""}}, {"model": "financeiro.centrocusto", "pk": 1, "fields": {"nome": "COMPRA DE MATERIA PRIMA", "descricao": "", "ativo": true, "criado_em": "2025-06-27T03:36:57.365Z"}}, {"model": "financeiro.centrocusto", "pk": 2, "fields": {"nome": "MARKETING", "descricao": "", "ativo": true, "criado_em": "2025-07-05T20:40:42.643Z"}}, {"model": "financeiro.centrocusto", "pk": 3, "fields": {"nome": "ENVIO", "descricao": "", "ativo": true, "criado_em": "2025-07-05T20:41:18.209Z"}}, {"model": "financeiro.centrocusto", "pk": 4, "fields": {"nome": "COMISSÃO", "descricao": "", "ativo": true, "criado_em": "2025-07-05T23:05:46.368Z"}}, {"model": "auth.user", "fields": {"password": "pbkdf2_sha256$1000000$Ifd9fnq7Iyaq6W10MNm6Vf$dXwyTlug5oJm9lAWG9MeHz3q0vTPsDuS2W4LYI4+Iec=", "last_login": "2025-07-09T22:29:32.054Z", "is_superuser": true, "username": "admin", "first_name": "", "last_name": "", "email": "admin@example.com", "is_staff": true, "is_active": true, "date_joined": "2025-06-27T01:43:15.505Z", "groups": [], "user_permissions": []}}, {"model": "sessions.session", "pk": "2muifyxtd97f9igtu4u5sb5btynnp1u7", "fields": {"session_data": ".eJxVjMEOwiAQRP-FsyEsFCwevfcbyLK7StXQpLQn47_bJj3oZQ7z3sxbJVyXktYmcxpZXRSo02-XkZ5Sd8APrPdJ01SXecx6V_RBmx4mltf1cP8OCrayrUPMDolJYrS9BQ8uoMUMAZ03yEEidT6Ig3OXo-EetwR7I3JeTIaoPl_gIje_:1uV9R8:EW1jcpgPQ0wGsNyUWrbGMIZq813PIeMq-m3avPEU1CI", "expire_date": "2025-06-27T14:19:54.864Z"}}, {"model": "sessions.session", "pk": "35wxy7ercjcyal2xmv510ykys49lddba", "fields": {"session_data": ".eJxVjMEOwiAQRP-FsyEsFCwevfcbyLK7StXQpLQn47_bJj3oZQ7z3sxbJVyXktYmcxpZXRSo02-XkZ5Sd8APrPdJ01SXecx6V_RBmx4mltf1cP8OCrayrUPMDolJYrS9BQ8uoMUMAZ03yEEidT6Ig3OXo-EetwR7I3JeTIaoPl_gIje_:1uZI7h:3kDbJ1nkY_q8nOZ2yCmfEil_p3aaCp_Bbj59L5g-Xmo", "expire_date": "2025-07-09T00:24:57.759Z"}}, {"model": "sessions.session", "pk": "4mpl9ayms558hmgpu2turtg16zmebiys", "fields": {"session_data": ".eJxVjMEOwiAQRP-FsyEsFCwevfcbyLK7StXQpLQn47_bJj3oZQ7z3sxbJVyXktYmcxpZXRSo02-XkZ5Sd8APrPdJ01SXecx6V_RBmx4mltf1cP8OCrayrUPMDolJYrS9BQ8uoMUMAZ03yEEidT6Ig3OXo-EetwR7I3JeTIaoPl_gIje_:1uYBtU:AWDfyDE6H0ZBFs00WOye2EhWI3FmNU54-DjsSDDZawY", "expire_date": "2025-07-05T23:33:44.834Z"}}, {"model": "sessions.session", "pk": "4pwk6b3c692668gtw4qzcxguavs3jtoe", "fields": {"session_data": ".eJxVjMEOwiAQRP-FsyEsFCwevfcbyLK7StXQpLQn47_bJj3oZQ7z3sxbJVyXktYmcxpZXRSo02-XkZ5Sd8APrPdJ01SXecx6V_RBmx4mltf1cP8OCrayrUPMDolJYrS9BQ8uoMUMAZ03yEEidT6Ig3OXo-EetwR7I3JeTIaoPl_gIje_:1uVEPz:JSowrIY2w6AGWebF6DCKB2ZkNgVEZAoQlf02465vQKo", "expire_date": "2025-06-27T19:39:03.428Z"}}, {"model": "sessions.session", "pk": "6a37ykmkhch6v00lrvgz4c2cwm8eyu6u", "fields": {"session_data": ".eJxVjMEOwiAQRP-FsyEsFCwevfcbyLK7StXQpLQn47_bJj3oZQ7z3sxbJVyXktYmcxpZXRSo02-XkZ5Sd8APrPdJ01SXecx6V_RBmx4mltf1cP8OCrayrUPMDolJYrS9BQ8uoMUMAZ03yEEidT6Ig3OXo-EetwR7I3JeTIaoPl_gIje_:1uV9R9:f9RXC0vFT1LX24O-peupaNz-jgtJ-TcAUxrGQFz5ORk", "expire_date": "2025-06-27T14:19:55.685Z"}}, {"model": "sessions.session", "pk": "6l2fxfhtp8fxccyltef8k7nsk54cnnn4", "fields": {"session_data": ".eJxVjMEOwiAQRP-FsyEsFCwevfcbyLK7StXQpLQn47_bJj3oZQ7z3sxbJVyXktYmcxpZXRSo02-XkZ5Sd8APrPdJ01SXecx6V_RBmx4mltf1cP8OCrayrUPMDolJYrS9BQ8uoMUMAZ03yEEidT6Ig3OXo-EetwR7I3JeTIaoPl_gIje_:1uY5Oz:7K6GSTW423c9otgHZ9gOYVSCSxBZtm2dd0NtMG9Nhos", "expire_date": "2025-07-05T16:37:49.802Z"}}, {"model": "sessions.session", "pk": "7paucqtqfdzszzpqodw1wd1usfada2bz", "fields": {"session_data": ".eJxVjMEOwiAQRP-FsyEsFCwevfcbyLK7StXQpLQn47_bJj3oZQ7z3sxbJVyXktYmcxpZXRSo02-XkZ5Sd8APrPdJ01SXecx6V_RBmx4mltf1cP8OCrayrUPMDolJYrS9BQ8uoMUMAZ03yEEidT6Ig3OXo-EetwR7I3JeTIaoPl_gIje_:1uY47e:NniQngJHVZsvQci174k3WD-k5HtjT8YmOA1sxGfDSIk", "expire_date": "2025-07-05T15:15:50.763Z"}}, {"model": "sessions.session", "pk": "7ww6y7a1c9u4z78aud7a1lorustnj4u2", "fields": {"session_data": ".eJxVjMEOwiAQRP-FsyEsFCwevfcbyLK7StXQpLQn47_bJj3oZQ7z3sxbJVyXktYmcxpZXRSo02-XkZ5Sd8APrPdJ01SXecx6V_RBmx4mltf1cP8OCrayrUPMDolJYrS9BQ8uoMUMAZ03yEEidT6Ig3OXo-EetwR7I3JeTIaoPl_gIje_:1uWfIV:kcnvsSdzAczUeAjnRAifRJl0e5E3UigO5sDvo_6tx1s", "expire_date": "2025-07-01T18:33:15.706Z"}}, {"model": "sessions.session", "pk": "86mu59136baulbjqyfiijpb4eg8zvgdo", "fields": {"session_data": ".eJxVjMEOwiAQRP-FsyEsFCwevfcbyLK7StXQpLQn47_bJj3oZQ7z3sxbJVyXktYmcxpZXRSo02-XkZ5Sd8APrPdJ01SXecx6V_RBmx4mltf1cP8OCrayrUPMDolJYrS9BQ8uoMUMAZ03yEEidT6Ig3OXo-EetwR7I3JeTIaoPl_gIje_:1uUz5W:fnD2NNRjSR8TgOlgrQ5XXOJIzd4xt2g30qpMbUrBpJg", "expire_date": "2025-06-27T03:15:14.027Z"}}, {"model": "sessions.session", "pk": "8mjjgs8f5oqzs85l26ocvvet412qyzut", "fields": {"session_data": ".eJxVjMEOwiAQRP-FsyEsFCwevfcbyLK7StXQpLQn47_bJj3oZQ7z3sxbJVyXktYmcxpZXRSo02-XkZ5Sd8APrPdJ01SXecx6V_RBmx4mltf1cP8OCrayrUPMDolJYrS9BQ8uoMUMAZ03yEEidT6Ig3OXo-EetwR7I3JeTIaoPl_gIje_:1uVIqH:CA7OGrszIrTEAxJzfGTnS12oyvA7I93i1hcAXOgAp_E", "expire_date": "2025-06-28T00:22:29.214Z"}}, {"model": "sessions.session", "pk": "9pwys1zgt4ojjzoflxysc74laewjjhjn", "fields": {"session_data": ".eJxVjMEOwiAQRP-FsyEsFCwevfcbyLK7StXQpLQn47_bJj3oZQ7z3sxbJVyXktYmcxpZXRSo02-XkZ5Sd8APrPdJ01SXecx6V_RBmx4mltf1cP8OCrayrUPMDolJYrS9BQ8uoMUMAZ03yEEidT6Ig3OXo-EetwR7I3JeTIaoPl_gIje_:1uZdIC:ZxqHawzjaWX-qJa0NPYXtJhO5Ifr2V_BSCGm0x5IlGA", "expire_date": "2025-07-09T23:01:12.069Z"}}, {"model": "sessions.session", "pk": "a2i2ori44h8vo1l8fdjmc97ttid5x4ns", "fields": {"session_data": ".eJxVjMEOwiAQRP-FsyEsFCwevfcbyLK7StXQpLQn47_bJj3oZQ7z3sxbJVyXktYmcxpZXRSo02-XkZ5Sd8APrPdJ01SXecx6V_RBmx4mltf1cP8OCrayrUPMDolJYrS9BQ8uoMUMAZ03yEEidT6Ig3OXo-EetwR7I3JeTIaoPl_gIje_:1uYtTr:G2eIf7FbeIdkMfwqtkOjrFTayrqy5fpiU0_RuZ8SK2c", "expire_date": "2025-07-07T22:06:11.559Z"}}, {"model": "sessions.session", "pk": "aeatllxqf1cqqu7b3k4yetcd2rjpa7u4", "fields": {"session_data": ".eJxVjMEOwiAQRP-FsyEsFCwevfcbyLK7StXQpLQn47_bJj3oZQ7z3sxbJVyXktYmcxpZXRSo02-XkZ5Sd8APrPdJ01SXecx6V_RBmx4mltf1cP8OCrayrUPMDolJYrS9BQ8uoMUMAZ03yEEidT6Ig3OXo-EetwR7I3JeTIaoPl_gIje_:1uYn0e:o1-jD_uByo6B1h9-16-akZAX20UDEQAK8AMYddSs_Mw", "expire_date": "2025-07-07T15:11:36.182Z"}}, {"model": "sessions.session", "pk": "c5lfsptxa72m2x7t58fc85qn5q15gqic", "fields": {"session_data": ".eJxVjMEOwiAQRP-FsyEsFCwevfcbyLK7StXQpLQn47_bJj3oZQ7z3sxbJVyXktYmcxpZXRSo02-XkZ5Sd8APrPdJ01SXecx6V_RBmx4mltf1cP8OCrayrUPMDolJYrS9BQ8uoMUMAZ03yEEidT6Ig3OXo-EetwR7I3JeTIaoPl_gIje_:1uY3EG:pt_1UoQA_g6w_-IfpI3bLAqNDFUXU9Gz_v9-KGgEk5k", "expire_date": "2025-07-05T14:18:36.674Z"}}, {"model": "sessions.session", "pk": "fi005o3y29nisb7kj3ja30x3incin982", "fields": {"session_data": ".eJxVjMEOwiAQRP-FsyEsFCwevfcbyLK7StXQpLQn47_bJj3oZQ7z3sxbJVyXktYmcxpZXRSo02-XkZ5Sd8APrPdJ01SXecx6V_RBmx4mltf1cP8OCrayrUPMDolJYrS9BQ8uoMUMAZ03yEEidT6Ig3OXo-EetwR7I3JeTIaoPl_gIje_:1uVExC:4WB9-jEsD9d0O4kq_2xMJV91DX0T7WUdKhvZmIucWDY", "expire_date": "2025-06-27T20:13:22.780Z"}}, {"model": "sessions.session", "pk": "gbjumqjy9m89avn71gzmt3h1cy1959n1", "fields": {"session_data": ".eJxVjMEOwiAQRP-FsyEsFCwevfcbyLK7StXQpLQn47_bJj3oZQ7z3sxbJVyXktYmcxpZXRSo02-XkZ5Sd8APrPdJ01SXecx6V_RBmx4mltf1cP8OCrayrUPMDolJYrS9BQ8uoMUMAZ03yEEidT6Ig3OXo-EetwR7I3JeTIaoPl_gIje_:1uVAI7:8p9I4wo4U6HZnvK-rT5mKRYcw84XE2QU1wITm2mrcG0", "expire_date": "2025-06-27T15:14:39.733Z"}}, {"model": "sessions.session", "pk": "glk3h39alti3c0ope1j4izu15ybe5jav", "fields": {"session_data": ".eJxVjMEOwiAQRP-FsyEsFCwevfcbyLK7StXQpLQn47_bJj3oZQ7z3sxbJVyXktYmcxpZXRSo02-XkZ5Sd8APrPdJ01SXecx6V_RBmx4mltf1cP8OCrayrUPMDolJYrS9BQ8uoMUMAZ03yEEidT6Ig3OXo-EetwR7I3JeTIaoPl_gIje_:1uXO00:KLk_nonzwFzG0lQ_hXTHhQ6iO-6dlhQiJTsOV6I4i2o", "expire_date": "2025-07-03T18:17:08.703Z"}}, {"model": "sessions.session", "pk": "hcjws0nuoigwbfwe0extgeir4mukqibq", "fields": {"session_data": ".eJxVjMEOwiAQRP-FsyEsFCwevfcbyLK7StXQpLQn47_bJj3oZQ7z3sxbJVyXktYmcxpZXRSo02-XkZ5Sd8APrPdJ01SXecx6V_RBmx4mltf1cP8OCrayrUPMDolJYrS9BQ8uoMUMAZ03yEEidT6Ig3OXo-EetwR7I3JeTIaoPl_gIje_:1uVIL1:pIsDR1swDUTnNz6w1UfwmuNsR-UbIQz9mXY5lcS5g-A", "expire_date": "2025-06-27T23:50:11.412Z"}}, {"model": "sessions.session", "pk": "hssucmet6pcaobklnw58872mw9r75eo0", "fields": {"session_data": ".eJxVjMEOwiAQRP-FsyEsFCwevfcbyLK7StXQpLQn47_bJj3oZQ7z3sxbJVyXktYmcxpZXRSo02-XkZ5Sd8APrPdJ01SXecx6V_RBmx4mltf1cP8OCrayrUPMDolJYrS9BQ8uoMUMAZ03yEEidT6Ig3OXo-EetwR7I3JeTIaoPl_gIje_:1uZDvy:63Emln5PATTD4q_vS6Znbz_gAB60xTVmxiZ_k8Gy36E", "expire_date": "2025-07-08T19:56:34.356Z"}}, {"model": "sessions.session", "pk": "jqkckv0yqxvw5wbl28r50bhchzzrckfz", "fields": {"session_data": ".eJxVjMEOwiAQRP-FsyEsFCwevfcbyLK7StXQpLQn47_bJj3oZQ7z3sxbJVyXktYmcxpZXRSo02-XkZ5Sd8APrPdJ01SXecx6V_RBmx4mltf1cP8OCrayrUPMDolJYrS9BQ8uoMUMAZ03yEEidT6Ig3OXo-EetwR7I3JeTIaoPl_gIje_:1uZW5d:rLt5ufwfBZeJR_GSk6506KoN8VYfHdjzIvb8Im_9kNk", "expire_date": "2025-07-09T15:19:45.683Z"}}, {"model": "sessions.session", "pk": "kvuiovxduxj3gzyouen8hzl75oeg8fgw", "fields": {"session_data": ".eJxVjMEOwiAQRP-FsyEsFCwevfcbyLK7StXQpLQn47_bJj3oZQ7z3sxbJVyXktYmcxpZXRSo02-XkZ5Sd8APrPdJ01SXecx6V_RBmx4mltf1cP8OCrayrUPMDolJYrS9BQ8uoMUMAZ03yEEidT6Ig3OXo-EetwR7I3JeTIaoPl_gIje_:1uWjTB:4RQ5JTyBgidzWW738FkMnTtrrLwlbBFlAis2MMoiPIE", "expire_date": "2025-07-01T23:00:33.629Z"}}, {"model": "sessions.session", "pk": "kx2exwga4eb1berzgac9kdt3ph8te522", "fields": {"session_data": ".eJxVjMEOwiAQRP-FsyEsFCwevfcbyLK7StXQpLQn47_bJj3oZQ7z3sxbJVyXktYmcxpZXRSo02-XkZ5Sd8APrPdJ01SXecx6V_RBmx4mltf1cP8OCrayrUPMDolJYrS9BQ8uoMUMAZ03yEEidT6Ig3OXo-EetwR7I3JeTIaoPl_gIje_:1uWhar:md4O2PVRcrwKMFkTuJ_BNGeG8D_QIkGSw4dysY5LipQ", "expire_date": "2025-07-01T21:00:21.343Z"}}, {"model": "sessions.session", "pk": "lfb9uj6hd3lqq0jg9w6le1ylm6f2xjeu", "fields": {"session_data": ".eJxVjMEOwiAQRP-FsyEsFCwevfcbyLK7StXQpLQn47_bJj3oZQ7z3sxbJVyXktYmcxpZXRSo02-XkZ5Sd8APrPdJ01SXecx6V_RBmx4mltf1cP8OCrayrUPMDolJYrS9BQ8uoMUMAZ03yEEidT6Ig3OXo-EetwR7I3JeTIaoPl_gIje_:1uYr6F:Z9clviRiyejnxqe3Q2ZwvYK_jSnLeeQgdbXOdyjqyeM", "expire_date": "2025-07-07T19:33:39.204Z"}}, {"model": "sessions.session", "pk": "lngfazhriowibd1lc28h3hkyo3uoxbor", "fields": {"session_data": ".eJxVjMEOwiAQRP-FsyEsFCwevfcbyLK7StXQpLQn47_bJj3oZQ7z3sxbJVyXktYmcxpZXRSo02-XkZ5Sd8APrPdJ01SXecx6V_RBmx4mltf1cP8OCrayrUPMDolJYrS9BQ8uoMUMAZ03yEEidT6Ig3OXo-EetwR7I3JeTIaoPl_gIje_:1uWgNy:fgoYhauu1b9beDsBKDVCeEnTQyxdci9RbelCcKjkwBA", "expire_date": "2025-07-01T19:42:58.110Z"}}, {"model": "sessions.session", "pk": "m2oh0030hnee3hvc272t31lxr2rucxj3", "fields": {"session_data": ".eJxVjMEOwiAQRP-FsyEsFCwevfcbyLK7StXQpLQn47_bJj3oZQ7z3sxbJVyXktYmcxpZXRSo02-XkZ5Sd8APrPdJ01SXecx6V_RBmx4mltf1cP8OCrayrUPMDolJYrS9BQ8uoMUMAZ03yEEidT6Ig3OXo-EetwR7I3JeTIaoPl_gIje_:1uYUfp:rRDEwkYsE3kP73_zISwq_jbX7-X0GEOJcGThpla_w6Q", "expire_date": "2025-07-06T19:36:53.820Z"}}, {"model": "sessions.session", "pk": "n11sg6ubj7sceavtcz9jx614n11p8vag", "fields": {"session_data": ".eJxVjMEOwiAQRP-FsyEsFCwevfcbyLK7StXQpLQn47_bJj3oZQ7z3sxbJVyXktYmcxpZXRSo02-XkZ5Sd8APrPdJ01SXecx6V_RBmx4mltf1cP8OCrayrUPMDolJYrS9BQ8uoMUMAZ03yEEidT6Ig3OXo-EetwR7I3JeTIaoPl_gIje_:1uUzja:MfFV1klfGJRzkCt-ucBjEPyGFbnE3d09adSChqink9Q", "expire_date": "2025-06-27T03:58:18.311Z"}}, {"model": "sessions.session", "pk": "n4kggtibap2uf5qxqht8ozcxuh8z1yf7", "fields": {"session_data": ".eJxVjMEOwiAQRP-FsyEsFCwevfcbyLK7StXQpLQn47_bJj3oZQ7z3sxbJVyXktYmcxpZXRSo02-XkZ5Sd8APrPdJ01SXecx6V_RBmx4mltf1cP8OCrayrUPMDolJYrS9BQ8uoMUMAZ03yEEidT6Ig3OXo-EetwR7I3JeTIaoPl_gIje_:1uYySf:2PeKylXC9gCrbfn8QXcBgXkmtJCwqcxY81NdRhEmfD4", "expire_date": "2025-07-08T03:25:17.965Z"}}, {"model": "sessions.session", "pk": "nu42y25ntwgmvjtyp3cncfblnhw70zv4", "fields": {"session_data": ".eJxVjMEOwiAQRP-FsyEsFCwevfcbyLK7StXQpLQn47_bJj3oZQ7z3sxbJVyXktYmcxpZXRSo02-XkZ5Sd8APrPdJ01SXecx6V_RBmx4mltf1cP8OCrayrUPMDolJYrS9BQ8uoMUMAZ03yEEidT6Ig3OXo-EetwR7I3JeTIaoPl_gIje_:1uZBT0:dC10GFfqF9gbOrrcjbWAU2-DaK9Y30uNcQ_pmrzvzco", "expire_date": "2025-07-08T17:18:30.574Z"}}, {"model": "sessions.session", "pk": "nziomlxlxfi55db3sia4jun1ad9kq0kb", "fields": {"session_data": ".eJxVjMEOwiAQRP-FsyEsFCwevfcbyLK7StXQpLQn47_bJj3oZQ7z3sxbJVyXktYmcxpZXRSo02-XkZ5Sd8APrPdJ01SXecx6V_RBmx4mltf1cP8OCrayrUPMDolJYrS9BQ8uoMUMAZ03yEEidT6Ig3OXo-EetwR7I3JeTIaoPl_gIje_:1uUybA:clNYLhxKfAwpl3grIY5swIkkiKe74RQL-SogWjWrUi4", "expire_date": "2025-06-27T02:43:52.273Z"}}, {"model": "sessions.session", "pk": "ocidx1z7hsbjumibcy9lj8dtw5ee0v5g", "fields": {"session_data": ".eJxVjMEOwiAQRP-FsyEsFCwevfcbyLK7StXQpLQn47_bJj3oZQ7z3sxbJVyXktYmcxpZXRSo02-XkZ5Sd8APrPdJ01SXecx6V_RBmx4mltf1cP8OCrayrUPMDolJYrS9BQ8uoMUMAZ03yEEidT6Ig3OXo-EetwR7I3JeTIaoPl_gIje_:1uZXaU:iE14fL6UjTDk9QV9ZsIGb6TfU9XNDizUpemYsJvhtho", "expire_date": "2025-07-09T16:55:42.757Z"}}, {"model": "sessions.session", "pk": "p7wnrd3nfizg2mqg7uztyiey37ai576i", "fields": {"session_data": ".eJxVjMEOwiAQRP-FsyEsFCwevfcbyLK7StXQpLQn47_bJj3oZQ7z3sxbJVyXktYmcxpZXRSo02-XkZ5Sd8APrPdJ01SXecx6V_RBmx4mltf1cP8OCrayrUPMDolJYrS9BQ8uoMUMAZ03yEEidT6Ig3OXo-EetwR7I3JeTIaoPl_gIje_:1uVJLN:mFintnVNpCzHjNh27X67pNR5URFpxHMXUJq8LLwFPGw", "expire_date": "2025-06-28T00:54:37.170Z"}}, {"model": "sessions.session", "pk": "pghhvns0x26d0xlu1pwwy7iyy2vjbcvw", "fields": {"session_data": ".eJxVjMEOwiAQRP-FsyEsFCwevfcbyLK7StXQpLQn47_bJj3oZQ7z3sxbJVyXktYmcxpZXRSo02-XkZ5Sd8APrPdJ01SXecx6V_RBmx4mltf1cP8OCrayrUPMDolJYrS9BQ8uoMUMAZ03yEEidT6Ig3OXo-EetwR7I3JeTIaoPl_gIje_:1uYu34:3LlPAtJBR9INY8p44z8utH4JaI3XW9fAMCDqlv9XrXw", "expire_date": "2025-07-07T22:42:34.773Z"}}, {"model": "sessions.session", "pk": "qqcrewyagtfdqajcfkovp15o1eq9906t", "fields": {"session_data": ".eJxVjMEOwiAQRP-FsyEsFCwevfcbyLK7StXQpLQn47_bJj3oZQ7z3sxbJVyXktYmcxpZXRSo02-XkZ5Sd8APrPdJ01SXecx6V_RBmx4mltf1cP8OCrayrUPMDolJYrS9BQ8uoMUMAZ03yEEidT6Ig3OXo-EetwR7I3JeTIaoPl_gIje_:1uYQlp:OfsEVdUz89WU84iOd726u8SndkBIgW3zpFold05grfQ", "expire_date": "2025-07-06T15:26:49.849Z"}}, {"model": "sessions.session", "pk": "skrhgdn0bv2l4ru58qi4e51t2e8fn0jj", "fields": {"session_data": ".eJxVjMEOwiAQRP-FsyEsFCwevfcbyLK7StXQpLQn47_bJj3oZQ7z3sxbJVyXktYmcxpZXRSo02-XkZ5Sd8APrPdJ01SXecx6V_RBmx4mltf1cP8OCrayrUPMDolJYrS9BQ8uoMUMAZ03yEEidT6Ig3OXo-EetwR7I3JeTIaoPl_gIje_:1uUy7g:MX6Ue4SZ-oUZ7vb9-vq8MKRrKYZgk6aR71Kyam_RddY", "expire_date": "2025-06-27T02:13:24.081Z"}}, {"model": "sessions.session", "pk": "swe6ak5nghazj5qfeylyqruxh0nt3zt5", "fields": {"session_data": ".eJxVjMEOwiAQRP-FsyEsFCwevfcbyLK7StXQpLQn47_bJj3oZQ7z3sxbJVyXktYmcxpZXRSo02-XkZ5Sd8APrPdJ01SXecx6V_RBmx4mltf1cP8OCrayrUPMDolJYrS9BQ8uoMUMAZ03yEEidT6Ig3OXo-EetwR7I3JeTIaoPl_gIje_:1uZWcm:H0BCzPCxP9UthirUKUwTeTqRSeh9ychqfkfu0HvZITo", "expire_date": "2025-07-09T15:54:00.262Z"}}, {"model": "sessions.session", "pk": "t9okh1u3ijan7lbh3r9v3g3au24zgndp", "fields": {"session_data": ".eJxVjMEOwiAQRP-FsyEsFCwevfcbyLK7StXQpLQn47_bJj3oZQ7z3sxbJVyXktYmcxpZXRSo02-XkZ5Sd8APrPdJ01SXecx6V_RBmx4mltf1cP8OCrayrUPMDolJYrS9BQ8uoMUMAZ03yEEidT6Ig3OXo-EetwR7I3JeTIaoPl_gIje_:1uXMNq:vaE00Kf_nax4B7N51IYFuveFW5wdxs59AEZtZOAdgxQ", "expire_date": "2025-07-03T16:33:38.633Z"}}, {"model": "sessions.session", "pk": "tt1maq9dpgdds6w1os065o1vubsl4p2h", "fields": {"session_data": ".eJxVjMEOwiAQRP-FsyEsFCwevfcbyLK7StXQpLQn47_bJj3oZQ7z3sxbJVyXktYmcxpZXRSo02-XkZ5Sd8APrPdJ01SXecx6V_RBmx4mltf1cP8OCrayrUPMDolJYrS9BQ8uoMUMAZ03yEEidT6Ig3OXo-EetwR7I3JeTIaoPl_gIje_:1uWfnO:Dy2C4IMn5t64ZNzXIuU0XdcqmMGihlO1YScoLZOlgyQ", "expire_date": "2025-07-01T19:05:10.261Z"}}, {"model": "sessions.session", "pk": "vyg71wg3eoclg8gyt9bgmmfv6w4h0llq", "fields": {"session_data": ".eJxVjMEOwiAQRP-FsyEsFCwevfcbyLK7StXQpLQn47_bJj3oZQ7z3sxbJVyXktYmcxpZXRSo02-XkZ5Sd8APrPdJ01SXecx6V_RBmx4mltf1cP8OCrayrUPMDolJYrS9BQ8uoMUMAZ03yEEidT6Ig3OXo-EetwR7I3JeTIaoPl_gIje_:1uV0Hd:MCt0sY_yoORwsumoULH2EUvmz_HRLhFN_NKtbMM8xCo", "expire_date": "2025-06-27T04:33:29.900Z"}}, {"model": "sessions.session", "pk": "w8fepfad7ifxpj8k23wsqm62wo63gdxf", "fields": {"session_data": ".eJxVjMEOwiAQRP-FsyEsFCwevfcbyLK7StXQpLQn47_bJj3oZQ7z3sxbJVyXktYmcxpZXRSo02-XkZ5Sd8APrPdJ01SXecx6V_RBmx4mltf1cP8OCrayrUPMDolJYrS9BQ8uoMUMAZ03yEEidT6Ig3OXo-EetwR7I3JeTIaoPl_gIje_:1uXOh8:Z1bV8zqejqBmUj2JKcZyg2Uh79eTWvgibrEdY-jKI4c", "expire_date": "2025-07-03T19:01:42.707Z"}}, {"model": "sessions.session", "pk": "w9o0yrx7bof8ahrn4qu84cv65r9dsi83", "fields": {"session_data": ".eJxVjMEOwiAQRP-FsyEsFCwevfcbyLK7StXQpLQn47_bJj3oZQ7z3sxbJVyXktYmcxpZXRSo02-XkZ5Sd8APrPdJ01SXecx6V_RBmx4mltf1cP8OCrayrUPMDolJYrS9BQ8uoMUMAZ03yEEidT6Ig3OXo-EetwR7I3JeTIaoPl_gIje_:1uWiG5:bVOaVhAczUd-Ot7dQAVaHnb8Vk46ElZIvGBlZdbTa-g", "expire_date": "2025-07-01T21:42:57.231Z"}}, {"model": "sessions.session", "pk": "wofvmz4m3in4de0ccuonqqj2x63ra1p2", "fields": {"session_data": ".eJxVjMEOwiAQRP-FsyEsFCwevfcbyLK7StXQpLQn47_bJj3oZQ7z3sxbJVyXktYmcxpZXRSo02-XkZ5Sd8APrPdJ01SXecx6V_RBmx4mltf1cP8OCrayrUPMDolJYrS9BQ8uoMUMAZ03yEEidT6Ig3OXo-EetwR7I3JeTIaoPl_gIje_:1uYD8B:Q3oN4AwvmuhNCVCP8nthVLUypXacnoG6L3_5w3_F0zA", "expire_date": "2025-07-06T00:52:59.768Z"}}, {"model": "sessions.session", "pk": "yifv4zn4dangmew1srg5q86k6huzauar", "fields": {"session_data": ".eJxVjMEOwiAQRP-FsyEsFCwevfcbyLK7StXQpLQn47_bJj3oZQ7z3sxbJVyXktYmcxpZXRSo02-XkZ5Sd8APrPdJ01SXecx6V_RBmx4mltf1cP8OCrayrUPMDolJYrS9BQ8uoMUMAZ03yEEidT6Ig3OXo-EetwR7I3JeTIaoPl_gIje_:1uY8r7:XoFTl6LYxKAH8evrW02VoFdeDsPhdtcN4IM4Qn2oI1I", "expire_date": "2025-07-05T20:19:05.439Z"}}, {"model": "sessions.session", "pk": "ymwsxwvmiai21copsny0h3d9yp9ecee5", "fields": {"session_data": ".eJxVjMEOwiAQRP-FsyEsFCwevfcbyLK7StXQpLQn47_bJj3oZQ7z3sxbJVyXktYmcxpZXRSo02-XkZ5Sd8APrPdJ01SXecx6V_RBmx4mltf1cP8OCrayrUPMDolJYrS9BQ8uoMUMAZ03yEEidT6Ig3OXo-EetwR7I3JeTIaoPl_gIje_:1uY9O9:_ShA9aMSIbd3P95YqiDJUjTb-Nwa0PknqQ-YbiwwkpE", "expire_date": "2025-07-05T20:53:13.819Z"}}, {"model": "sessions.session", "pk": "zrbo5qrng5osp18e1gu1d9lf66wlv4jw", "fields": {"session_data": ".eJxVjMEOwiAQRP-FsyEsFCwevfcbyLK7StXQpLQn47_bJj3oZQ7z3sxbJVyXktYmcxpZXRSo02-XkZ5Sd8APrPdJ01SXecx6V_RBmx4mltf1cP8OCrayrUPMDolJYrS9BQ8uoMUMAZ03yEEidT6Ig3OXo-EetwR7I3JeTIaoPl_gIje_:1uYDdI:OBrtXR7qkHwSZimn-yz44oPJnKYOsEomjdjwqhcb0gw", "expire_date": "2025-07-06T01:25:08.236Z"}}, {"model": "configuracao.configuracaosistema", "pk": 1, "fields": {"nome_empresa": "Minha Empresa", "cnpj": null, "endereco": null, "telefone": null, "email": null, "site": null, "instagram": null, "facebook": null, "whatsapp": null, "cor_primaria": "#2193b0", "cor_secundaria": "#6dd5ed", "cor_sucesso": "#28a745", "cor_perigo": "#dc3545", "cor_alerta": "#ffc107", "cor_info": "#17a2b8", "smtp_host": null, "smtp_port": null, "smtp_usuario": null, "smtp_senha": null, "email_remetente": null, "api_melhor_envio_token": null, "api_melhor_envio_sandbox": null, "modelo_pedido": null, "modelo_orcamento": null, "descricao_sistema": null, "versao_sistema": null, "usar_tls": false, "tempo_sessao": null, "tentativas_login": null, "tempo_bloqueio": null, "requer_senha_forte": false, "nome_sistema": "Meu Sistema", "tema_primario": "azul", "tema_secundario": "#6dd5ed", "email_suporte": null, "logo": "configuracao/7_BSDHfAW.png", "data_atualizacao": "2025-06-27T03:06:16.414Z"}}, {"model": "configuracao.configuracaosistema", "pk": 2, "fields": {"nome_empresa": "Minha Empresa", "cnpj": null, "endereco": null, "telefone": null, "email": null, "site": null, "instagram": null, "facebook": null, "whatsapp": null, "cor_primaria": "#2193b0", "cor_secundaria": "#6dd5ed", "cor_sucesso": "#28a745", "cor_perigo": "#dc3545", "cor_alerta": "#ffc107", "cor_info": "#17a2b8", "smtp_host": null, "smtp_port": null, "smtp_usuario": null, "smtp_senha": null, "email_remetente": null, "api_melhor_envio_token": null, "api_melhor_envio_sandbox": null, "modelo_pedido": null, "modelo_orcamento": null, "descricao_sistema": null, "versao_sistema": null, "usar_tls": false, "tempo_sessao": null, "tentativas_login": null, "tempo_bloqueio": null, "requer_senha_forte": false, "nome_sistema": "Meu Sistema", "tema_primario": "azul", "tema_secundario": "#6dd5ed", "email_suporte": null, "logo": "configuracao/7_2kwh9uK.png", "data_atualizacao": "2025-06-27T03:05:05.520Z"}}, {"model": "financeiro.receita", "pk": 1, "fields": {"descricao": "Receita referente ao pedido PED-00001", "data": "2025-06-26", "data_vencimento": null, "valor": "250.00", "categoria": "pedido", "cliente": 3, "pedido": 1, "forma_pagamento": "dinheiro", "status": "R", "observacoes": "", "anexo": "", "usuario": ["admin"], "criado_em": "2025-06-27T02:56:22.295Z", "atualizado_em": "2025-07-05T23:02:21.962Z"}}, {"model": "financeiro.receita", "pk": 2, "fields": {"descricao": "Receita referente ao pedido PED-00002 (valor recebido)", "data": "2025-06-27", "data_vencimento": null, "valor": "142.50", "categoria": "pedido", "cliente": 5, "pedido": 2, "forma_pagamento": "dinheiro", "status": "R", "observacoes": "", "anexo": "", "usuario": ["admin"], "criado_em": "2025-06-27T19:13:20.390Z", "atualizado_em": "2025-06-27T19:13:20.390Z"}}, {"model": "financeiro.receita", "pk": 3, "fields": {"descricao": "Receita pendente referente ao pedido PED-00002", "data": "2025-06-27", "data_vencimento": null, "valor": "142.50", "categoria": "pedido", "cliente": 5, "pedido": 2, "forma_pagamento": "dinheiro", "status": "P", "observacoes": "", "anexo": "", "usuario": ["admin"], "criado_em": "2025-06-27T19:13:20.401Z", "atualizado_em": "2025-06-27T19:13:20.401Z"}}, {"model": "financeiro.receita", "pk": 4, "fields": {"descricao": "Receita pendente referente ao pedido PED-00003", "data": "2025-07-01", "data_vencimento": null, "valor": "94.00", "categoria": "pedido", "cliente": 8, "pedido": 3, "forma_pagamento": "dinheiro", "status": "R", "observacoes": "", "anexo": "", "usuario": ["admin"], "criado_em": "2025-07-01T18:02:53.684Z", "atualizado_em": "2025-07-09T15:23:28.707Z"}}, {"model": "financeiro.receita", "pk": 5, "fields": {"descricao": "Receita referente ao pedido PED-00004 (valor recebido)", "data": "2025-07-01", "data_vencimento": null, "valor": "90.00", "categoria": "pedido", "cliente": 16, "pedido": 4, "forma_pagamento": "dinheiro", "status": "R", "observacoes": "", "anexo": "", "usuario": ["admin"], "criado_em": "2025-07-01T18:39:24.819Z", "atualizado_em": "2025-07-01T18:39:24.819Z"}}, {"model": "financeiro.receita", "pk": 6, "fields": {"descricao": "Receita pendente referente ao pedido PED-00004", "data": "2025-07-01", "data_vencimento": null, "valor": "333.00", "categoria": "pedido", "cliente": 16, "pedido": 4, "forma_pagamento": "dinheiro", "status": "P", "observacoes": "", "anexo": "", "usuario": ["admin"], "criado_em": "2025-07-01T18:39:24.821Z", "atualizado_em": "2025-07-01T18:39:24.821Z"}}, {"model": "financeiro.receita", "pk": 7, "fields": {"descricao": "Receita referente ao pedido PED-00005 (valor recebido)", "data": "2025-07-03", "data_vencimento": null, "valor": "204.00", "categoria": "pedido", "cliente": 17, "pedido": 5, "forma_pagamento": "dinheiro", "status": "R", "observacoes": "", "anexo": "", "usuario": ["admin"], "criado_em": "2025-07-03T16:07:20.582Z", "atualizado_em": "2025-07-03T16:07:20.582Z"}}, {"model": "financeiro.receita", "pk": 8, "fields": {"descricao": "Receita referente ao pedido PED-00006 (valor recebido)", "data": "2025-07-03", "data_vencimento": null, "valor": "105.00", "categoria": "pedido", "cliente": 18, "pedido": 6, "forma_pagamento": "dinheiro", "status": "R", "observacoes": "", "anexo": "", "usuario": ["admin"], "criado_em": "2025-07-03T16:12:47.655Z", "atualizado_em": "2025-07-03T16:12:47.655Z"}}, {"model": "financeiro.receita", "pk": 9, "fields": {"descricao": "Receita pendente referente ao pedido PED-00006", "data": "2025-07-03", "data_vencimento": null, "valor": "85.00", "categoria": "pedido", "cliente": 18, "pedido": 6, "forma_pagamento": "dinheiro", "status": "P", "observacoes": "", "anexo": "", "usuario": ["admin"], "criado_em": "2025-07-03T16:12:47.657Z", "atualizado_em": "2025-07-03T16:12:47.657Z"}}, {"model": "financeiro.receita", "pk": 11, "fields": {"descricao": "Receita referente ao pedido PED-00007 (valor recebido)", "data": "2025-07-03", "data_vencimento": null, "valor": "243.00", "categoria": "pedido", "cliente": 19, "pedido": 7, "forma_pagamento": "dinheiro", "status": "R", "observacoes": "", "anexo": "", "usuario": ["admin"], "criado_em": "2025-07-03T17:49:12.602Z", "atualizado_em": "2025-07-03T17:49:12.602Z"}}, {"model": "financeiro.receita", "pk": 12, "fields": {"descricao": "Receita referente ao pedido PED-00008 (valor recebido)", "data": "2025-07-03", "data_vencimento": null, "valor": "55.00", "categoria": "pedido", "cliente": 20, "pedido": 8, "forma_pagamento": "dinheiro", "status": "R", "observacoes": "", "anexo": "", "usuario": ["admin"], "criado_em": "2025-07-03T18:48:04.751Z", "atualizado_em": "2025-07-03T18:48:04.751Z"}}, {"model": "financeiro.receita", "pk": 13, "fields": {"descricao": "Receita referente ao pedido PED-00009 (valor recebido)", "data": "2025-07-03", "data_vencimento": null, "valor": "90.00", "categoria": "pedido", "cliente": 21, "pedido": 9, "forma_pagamento": "dinheiro", "status": "R", "observacoes": "", "anexo": "", "usuario": ["admin"], "criado_em": "2025-07-03T18:56:46.138Z", "atualizado_em": "2025-07-03T18:56:46.138Z"}}, {"model": "financeiro.receita", "pk": 14, "fields": {"descricao": "Receita referente ao pedido PED-00010 (valor recebido)", "data": "2025-07-05", "data_vencimento": null, "valor": "55.00", "categoria": "pedido", "cliente": 22, "pedido": 10, "forma_pagamento": "dinheiro", "status": "R", "observacoes": "", "anexo": "", "usuario": ["admin"], "criado_em": "2025-07-05T13:51:13.137Z", "atualizado_em": "2025-07-05T13:51:13.137Z"}}, {"model": "financeiro.receita", "pk": 15, "fields": {"descricao": "Receita referente ao pedido PED-00011 (valor recebido)", "data": "2025-07-05", "data_vencimento": null, "valor": "110.00", "categoria": "pedido", "cliente": 23, "pedido": 11, "forma_pagamento": "dinheiro", "status": "R", "observacoes": "", "anexo": "", "usuario": ["admin"], "criado_em": "2025-07-05T14:17:10.698Z", "atualizado_em": "2025-07-05T14:17:10.698Z"}}, {"model": "financeiro.receita", "pk": 16, "fields": {"descricao": "Receita pendente referente ao pedido PED-00011", "data": "2025-07-05", "data_vencimento": null, "valor": "90.00", "categoria": "pedido", "cliente": 23, "pedido": 11, "forma_pagamento": "dinheiro", "status": "P", "observacoes": "", "anexo": "", "usuario": ["admin"], "criado_em": "2025-07-05T14:17:10.700Z", "atualizado_em": "2025-07-05T14:17:10.700Z"}}, {"model": "financeiro.receita", "pk": 17, "fields": {"descricao": "Receita referente ao pedido PED-00001 (valor restante)", "data": "2025-07-05", "data_vencimento": "2025-07-05", "valor": "150.00", "categoria": "pedido", "cliente": 3, "pedido": 1, "forma_pagamento": "dinheiro", "status": "R", "observacoes": "", "anexo": "", "usuario": ["admin"], "criado_em": "2025-07-05T23:02:21.976Z", "atualizado_em": "2025-07-05T23:03:25.314Z"}}, {"model": "financeiro.receita", "pk": 18, "fields": {"descricao": "Receita pendente referente ao pedido PED-00012", "data": "2025-07-06", "data_vencimento": null, "valor": "200.00", "categoria": "pedido", "cliente": 11, "pedido": 12, "forma_pagamento": "dinheiro", "status": "P", "observacoes": "", "anexo": "", "usuario": ["admin"], "criado_em": "2025-07-06T00:03:49.204Z", "atualizado_em": "2025-07-07T22:03:48.855Z"}}, {"model": "financeiro.receita", "pk": 19, "fields": {"descricao": "Receita pendente referente ao pedido PED-00013", "data": "2025-07-06", "data_vencimento": null, "valor": "130.00", "categoria": "pedido", "cliente": 24, "pedido": 13, "forma_pagamento": "dinheiro", "status": "P", "observacoes": "", "anexo": "", "usuario": ["admin"], "criado_em": "2025-07-06T14:57:58.539Z", "atualizado_em": "2025-07-06T14:57:58.539Z"}}, {"model": "financeiro.receita", "pk": 20, "fields": {"descricao": "Receita referente ao pedido PED-00014 (valor recebido)", "data": "2025-07-06", "data_vencimento": null, "valor": "105.00", "categoria": "pedido", "cliente": 25, "pedido": 14, "forma_pagamento": "dinheiro", "status": "R", "observacoes": "", "anexo": "", "usuario": ["admin"], "criado_em": "2025-07-06T19:07:12.621Z", "atualizado_em": "2025-07-06T19:07:12.621Z"}}, {"model": "financeiro.receita", "pk": 21, "fields": {"descricao": "Receita pendente referente ao pedido PED-00015", "data": "2025-07-07", "data_vencimento": null, "valor": "550.00", "categoria": "pedido", "cliente": 26, "pedido": 15, "forma_pagamento": "dinheiro", "status": "P", "observacoes": "", "anexo": "", "usuario": ["admin"], "criado_em": "2025-07-07T14:53:28.775Z", "atualizado_em": "2025-07-07T14:53:28.775Z"}}, {"model": "financeiro.receita", "pk": 22, "fields": {"descricao": "Receita referente ao pedido PED-00016 (valor recebido)", "data": "2025-07-07", "data_vencimento": null, "valor": "143.00", "categoria": "pedido", "cliente": 27, "pedido": 16, "forma_pagamento": "dinheiro", "status": "R", "observacoes": "", "anexo": "", "usuario": ["admin"], "criado_em": "2025-07-07T19:04:25.859Z", "atualizado_em": "2025-07-07T19:04:25.859Z"}}, {"model": "financeiro.receita", "pk": 23, "fields": {"descricao": "Receita referente ao pedido PED-00017 (valor recebido)", "data": "2025-07-07", "data_vencimento": null, "valor": "1000.00", "categoria": "pedido", "cliente": 28, "pedido": 17, "forma_pagamento": "dinheiro", "status": "R", "observacoes": "", "anexo": "", "usuario": ["admin"], "criado_em": "2025-07-07T19:07:21.381Z", "atualizado_em": "2025-07-07T19:07:21.381Z"}}, {"model": "financeiro.receita", "pk": 24, "fields": {"descricao": "Receita pendente referente ao pedido PED-00017", "data": "2025-07-07", "data_vencimento": null, "valor": "205.00", "categoria": "pedido", "cliente": 28, "pedido": 17, "forma_pagamento": "dinheiro", "status": "P", "observacoes": "", "anexo": "", "usuario": ["admin"], "criado_em": "2025-07-07T19:07:21.383Z", "atualizado_em": "2025-07-07T19:07:21.383Z"}}, {"model": "financeiro.receita", "pk": 25, "fields": {"descricao": "Receita pendente referente ao pedido PED-00018", "data": "2025-07-09", "data_vencimento": "2025-07-18", "valor": "134.00", "categoria": "pedido", "cliente": 9, "pedido": 18, "forma_pagamento": "pix", "status": "P", "observacoes": "", "anexo": "", "usuario": ["admin"], "criado_em": "2025-07-07T21:38:24.723Z", "atualizado_em": "2025-07-09T15:23:13.227Z"}}, {"model": "financeiro.receita", "pk": 26, "fields": {"descricao": "Receita referente ao pedido PED-00019 (valor recebido)", "data": "2025-07-09", "data_vencimento": null, "valor": "180.00", "categoria": "pedido", "cliente": 29, "pedido": 19, "forma_pagamento": "dinheiro", "status": "R", "observacoes": "", "anexo": "", "usuario": ["admin"], "criado_em": "2025-07-09T14:52:25.223Z", "atualizado_em": "2025-07-09T14:52:25.223Z"}}, {"model": "financeiro.receita", "pk": 27, "fields": {"descricao": "Receita referente ao pedido PED-00020 (valor recebido)", "data": "2025-07-09", "data_vencimento": null, "valor": "90.00", "categoria": "pedido", "cliente": 30, "pedido": 20, "forma_pagamento": "dinheiro", "status": "R", "observacoes": "", "anexo": "", "usuario": ["admin"], "criado_em": "2025-07-09T14:54:33.870Z", "atualizado_em": "2025-07-09T14:54:33.870Z"}}, {"model": "financeiro.receita", "pk": 28, "fields": {"descricao": "Receita referente ao pedido PED-00021 (valor recebido)", "data": "2025-07-09", "data_vencimento": null, "valor": "143.00", "categoria": "pedido", "cliente": 31, "pedido": 21, "forma_pagamento": "dinheiro", "status": "R", "observacoes": "", "anexo": "", "usuario": ["admin"], "criado_em": "2025-07-09T14:59:23.013Z", "atualizado_em": "2025-07-09T14:59:23.013Z"}}, {"model": "financeiro.receita", "pk": 29, "fields": {"descricao": "Receita referente ao pedido PED-00003 (valor restante)", "data": "2025-07-09", "data_vencimento": null, "valor": "34.00", "categoria": "pedido", "cliente": 8, "pedido": 3, "forma_pagamento": "dinheiro", "status": "R", "observacoes": "", "anexo": "", "usuario": ["admin"], "criado_em": "2025-07-09T15:23:28.718Z", "atualizado_em": "2025-07-09T15:23:28.718Z"}}, {"model": "financeiro.despesa", "pk": 1, "fields": {"descricao": "TINTA PRETA", "data": "2025-06-26", "data_vencimento": "2025-06-26", "valor": "88.00", "categoria": "operacional", "centro_custo": 1, "forma_pagamento": "pix", "status": "R", "observacoes": "", "anexo": "", "usuario": ["admin"], "criado_em": "2025-06-27T03:38:22.606Z", "atualizado_em": "2025-06-27T03:38:57.305Z"}}, {"model": "financeiro.despesa", "pk": 2, "fields": {"descricao": "RETARDADOR", "data": "2025-06-26", "data_vencimento": "2025-06-26", "valor": "50.00", "categoria": "operacional", "centro_custo": 1, "forma_pagamento": "pix", "status": "R", "observacoes": "", "anexo": "", "usuario": ["admin"], "criado_em": "2025-06-27T03:39:29.470Z", "atualizado_em": "2025-06-27T03:39:29.470Z"}}, {"model": "financeiro.despesa", "pk": 3, "fields": {"descricao": "KSK embalagens", "data": "2025-06-26", "data_vencimento": "2025-06-26", "valor": "136.07", "categoria": "fornecedor", "centro_custo": 1, "forma_pagamento": "pix", "status": "R", "observacoes": "", "anexo": "", "usuario": ["admin"], "criado_em": "2025-06-27T19:17:14.466Z", "atualizado_em": "2025-06-27T19:17:14.466Z"}}, {"model": "financeiro.despesa", "pk": 4, "fields": {"descricao": "instagran", "data": "2025-07-01", "data_vencimento": "2025-07-01", "valor": "60.00", "categoria": "marketing", "centro_custo": null, "forma_pagamento": "pix", "status": "R", "observacoes": "impulsação redes sociais", "anexo": "", "usuario": ["admin"], "criado_em": "2025-07-01T18:40:36.388Z", "atualizado_em": "2025-07-01T18:40:36.388Z"}}, {"model": "financeiro.despesa", "pk": 5, "fields": {"descricao": "MELHOR ENVIO", "data": "2025-06-27", "data_vencimento": "2025-06-27", "valor": "56.39", "categoria": "outros", "centro_custo": 1, "forma_pagamento": "pix", "status": "R", "observacoes": "", "anexo": "", "usuario": ["admin"], "criado_em": "2025-07-01T19:14:31.602Z", "atualizado_em": "2025-07-01T19:14:31.602Z"}}, {"model": "financeiro.despesa", "pk": 6, "fields": {"descricao": "MELHOR ENVIO", "data": "2025-06-27", "data_vencimento": "2025-06-27", "valor": "39.29", "categoria": "outros", "centro_custo": 1, "forma_pagamento": "pix", "status": "R", "observacoes": "", "anexo": "", "usuario": ["admin"], "criado_em": "2025-07-01T19:15:13.633Z", "atualizado_em": "2025-07-01T19:15:13.633Z"}}, {"model": "financeiro.despesa", "pk": 7, "fields": {"descricao": "MELHOR ENVIO", "data": "2025-06-30", "data_vencimento": "2025-07-30", "valor": "30.21", "categoria": "outros", "centro_custo": 1, "forma_pagamento": "pix", "status": "R", "observacoes": "", "anexo": "", "usuario": ["admin"], "criado_em": "2025-07-01T19:15:48.334Z", "atualizado_em": "2025-07-01T19:15:48.334Z"}}, {"model": "financeiro.despesa", "pk": 8, "fields": {"descricao": "KSK EMBALAGENS", "data": "2025-07-03", "data_vencimento": "2025-07-03", "valor": "224.89", "categoria": "fornecedor", "centro_custo": 1, "forma_pagamento": "pix", "status": "R", "observacoes": "", "anexo": "", "usuario": ["admin"], "criado_em": "2025-07-03T16:14:15.724Z", "atualizado_em": "2025-07-03T16:14:15.724Z"}}, {"model": "financeiro.despesa", "pk": 9, "fields": {"descricao": "LALAMOVE", "data": "2025-07-03", "data_vencimento": "2025-07-03", "valor": "36.35", "categoria": "outros", "centro_custo": 1, "forma_pagamento": "pix", "status": "R", "observacoes": "", "anexo": "", "usuario": ["admin"], "criado_em": "2025-07-03T16:15:31.823Z", "atualizado_em": "2025-07-03T16:15:31.823Z"}}, {"model": "financeiro.despesa", "pk": 10, "fields": {"descricao": "INSTAGRAN", "data": "2025-07-03", "data_vencimento": "2025-07-03", "valor": "50.00", "categoria": "marketing", "centro_custo": null, "forma_pagamento": "pix", "status": "R", "observacoes": "", "anexo": "", "usuario": ["admin"], "criado_em": "2025-07-03T16:16:05.791Z", "atualizado_em": "2025-07-03T16:16:05.791Z"}}, {"model": "financeiro.despesa", "pk": 11, "fields": {"descricao": "grafica futuraim", "data": "2025-07-03", "data_vencimento": "2025-07-03", "valor": "150.98", "categoria": "fornecedor", "centro_custo": 1, "forma_pagamento": "pix", "status": "R", "observacoes": "", "anexo": "", "usuario": ["admin"], "criado_em": "2025-07-03T18:30:51.430Z", "atualizado_em": "2025-07-03T18:30:51.430Z"}}, {"model": "financeiro.despesa", "pk": 12, "fields": {"descricao": "uber", "data": "2025-07-05", "data_vencimento": "2025-07-05", "valor": "12.18", "categoria": "operacional", "centro_custo": null, "forma_pagamento": "pix", "status": "R", "observacoes": "uber papelaria", "anexo": "", "usuario": ["admin"], "criado_em": "2025-07-05T13:47:54.682Z", "atualizado_em": "2025-07-05T13:47:54.682Z"}}, {"model": "financeiro.despesa", "pk": 13, "fields": {"descricao": "comissão Tânia", "data": "2025-07-05", "data_vencimento": "2025-07-05", "valor": "20.00", "categoria": "outros", "centro_custo": 4, "forma_pagamento": "pix", "status": "R", "observacoes": "referente o pedido 0001", "anexo": "", "usuario": ["admin"], "criado_em": "2025-07-05T23:04:51.195Z", "atualizado_em": "2025-07-05T23:06:08.063Z"}}, {"model": "financeiro.despesa", "pk": 14, "fields": {"descricao": "KSK EMBALAGENS", "data": "2025-07-07", "data_vencimento": "2025-07-07", "valor": "238.34", "categoria": "fornecedor", "centro_custo": 1, "forma_pagamento": "pix", "status": "R", "observacoes": "", "anexo": "", "usuario": ["admin"], "criado_em": "2025-07-07T19:08:26.720Z", "atualizado_em": "2025-07-07T19:08:26.720Z"}}, {"model": "financeiro.despesa", "pk": 15, "fields": {"descricao": "KSK EMBALAGENS", "data": "2025-07-07", "data_vencimento": "2025-07-07", "valor": "392.60", "categoria": "fornecedor", "centro_custo": 1, "forma_pagamento": "pix", "status": "R", "observacoes": "", "anexo": "", "usuario": ["admin"], "criado_em": "2025-07-07T19:08:59.353Z", "atualizado_em": "2025-07-07T19:08:59.353Z"}}, {"model": "financeiro.despesa", "pk": 16, "fields": {"descricao": "INSTAGRAN", "data": "2025-07-07", "data_vencimento": "2025-07-07", "valor": "50.00", "categoria": "marketing", "centro_custo": 2, "forma_pagamento": "dinheiro", "status": "R", "observacoes": "", "anexo": "", "usuario": ["admin"], "criado_em": "2025-07-07T19:09:28.167Z", "atualizado_em": "2025-07-07T19:09:28.167Z"}}, {"model": "financeiro.despesa", "pk": 17, "fields": {"descricao": "melhor envio", "data": "2025-07-08", "data_vencimento": "2025-07-08", "valor": "19.12", "categoria": "operacional", "centro_custo": 3, "forma_pagamento": "pix", "status": "R", "observacoes": "", "anexo": "", "usuario": ["admin"], "criado_em": "2025-07-08T16:53:54.015Z", "atualizado_em": "2025-07-08T16:53:54.015Z"}}, {"model": "financeiro.despesa", "pk": 18, "fields": {"descricao": "DTF", "data": "2025-07-08", "data_vencimento": "2025-07-08", "valor": "44.98", "categoria": "operacional", "centro_custo": 1, "forma_pagamento": "pix", "status": "R", "observacoes": "", "anexo": "", "usuario": ["admin"], "criado_em": "2025-07-08T19:25:32.377Z", "atualizado_em": "2025-07-08T19:25:32.377Z"}}, {"model": "financeiro.despesa", "pk": 19, "fields": {"descricao": "DTF", "data": "2025-07-07", "data_vencimento": "2025-07-07", "valor": "163.02", "categoria": "operacional", "centro_custo": 1, "forma_pagamento": "pix", "status": "R", "observacoes": "", "anexo": "", "usuario": ["admin"], "criado_em": "2025-07-08T19:26:36.703Z", "atualizado_em": "2025-07-08T19:26:36.703Z"}}, {"model": "financeiro.despesa", "pk": 20, "fields": {"descricao": "compra de camisetas", "data": "2025-07-08", "data_vencimento": "2025-07-08", "valor": "183.10", "categoria": "operacional", "centro_custo": 1, "forma_pagamento": "pix", "status": "R", "observacoes": "", "anexo": "", "usuario": ["admin"], "criado_em": "2025-07-08T19:28:26.100Z", "atualizado_em": "2025-07-08T19:28:26.100Z"}}, {"model": "financeiro.despesa", "pk": 21, "fields": {"descricao": "KSK AMBALAGENS", "data": "2025-07-08", "data_vencimento": "2025-07-08", "valor": "442.41", "categoria": "fornecedor", "centro_custo": 1, "forma_pagamento": "pix", "status": "R", "observacoes": "", "anexo": "", "usuario": ["admin"], "criado_em": "2025-07-09T15:00:35.119Z", "atualizado_em": "2025-07-09T15:00:35.119Z"}}, {"model": "financeiro.despesa", "pk": 22, "fields": {"descricao": "UBER ENTREGA", "data": "2025-07-09", "data_vencimento": "2025-07-09", "valor": "19.50", "categoria": "outros", "centro_custo": 3, "forma_pagamento": "pix", "status": "R", "observacoes": "", "anexo": "", "usuario": ["admin"], "criado_em": "2025-07-09T15:06:33.663Z", "atualizado_em": "2025-07-09T15:06:33.663Z"}}, {"model": "financeiro.despesa", "pk": 23, "fields": {"descricao": "uber entrega pedido 00003", "data": "2025-07-09", "data_vencimento": "2025-07-09", "valor": "19.50", "categoria": "operacional", "centro_custo": 3, "forma_pagamento": "pix", "status": "R", "observacoes": "", "anexo": "", "usuario": ["admin"], "criado_em": "2025-07-09T15:47:33.870Z", "atualizado_em": "2025-07-09T15:47:33.870Z"}}, {"model": "pedidos.historicopedido", "pk": 1, "fields": {"pedido": 1, "tipo": "criacao", "status_anterior": null, "status_novo": null, "descricao": "Pedido criado por admin", "usuario": ["admin"], "data": "2025-06-27T02:56:22.276Z"}}, {"model": "pedidos.historicopedido", "pk": 2, "fields": {"pedido": 1, "tipo": "edicao", "status_anterior": null, "status_novo": null, "descricao": "Pedido editado por admin", "usuario": ["admin"], "data": "2025-06-27T02:59:46.046Z"}}, {"model": "pedidos.historicopedido", "pk": 3, "fields": {"pedido": 1, "tipo": "edicao", "status_anterior": null, "status_novo": null, "descricao": "Pedido editado por admin", "usuario": ["admin"], "data": "2025-06-27T03:05:43.813Z"}}, {"model": "pedidos.historicopedido", "pk": 4, "fields": {"pedido": 2, "tipo": "criacao", "status_anterior": null, "status_novo": null, "descricao": "Pedido criado por admin", "usuario": ["admin"], "data": "2025-06-27T19:13:20.378Z"}}, {"model": "pedidos.historicopedido", "pk": 5, "fields": {"pedido": 2, "tipo": "edicao", "status_anterior": null, "status_novo": null, "descricao": "Pedido editado por admin", "usuario": ["admin"], "data": "2025-06-27T19:34:58.138Z"}}, {"model": "pedidos.historicopedido", "pk": 6, "fields": {"pedido": 2, "tipo": "edicao", "status_anterior": null, "status_novo": null, "descricao": "Pedido editado por admin", "usuario": ["admin"], "data": "2025-06-27T19:35:25.007Z"}}, {"model": "pedidos.historicopedido", "pk": 7, "fields": {"pedido": 3, "tipo": "criacao", "status_anterior": null, "status_novo": null, "descricao": "Pedido criado por admin", "usuario": ["admin"], "data": "2025-07-01T18:02:53.675Z"}}, {"model": "pedidos.historicopedido", "pk": 8, "fields": {"pedido": 3, "tipo": "edicao", "status_anterior": null, "status_novo": null, "descricao": "Pedido editado por admin", "usuario": ["admin"], "data": "2025-07-01T18:04:19.671Z"}}, {"model": "pedidos.historicopedido", "pk": 9, "fields": {"pedido": 4, "tipo": "criacao", "status_anterior": null, "status_novo": null, "descricao": "Pedido criado por admin", "usuario": ["admin"], "data": "2025-07-01T18:39:24.817Z"}}, {"model": "pedidos.historicopedido", "pk": 10, "fields": {"pedido": 1, "tipo": "edicao", "status_anterior": null, "status_novo": null, "descricao": "Pedido editado por admin", "usuario": ["admin"], "data": "2025-07-01T21:12:02.674Z"}}, {"model": "pedidos.historicopedido", "pk": 11, "fields": {"pedido": 5, "tipo": "criacao", "status_anterior": null, "status_novo": null, "descricao": "Pedido criado por admin", "usuario": ["admin"], "data": "2025-07-03T16:07:20.580Z"}}, {"model": "pedidos.historicopedido", "pk": 12, "fields": {"pedido": 6, "tipo": "criacao", "status_anterior": null, "status_novo": null, "descricao": "Pedido criado por admin", "usuario": ["admin"], "data": "2025-07-03T16:12:47.653Z"}}, {"model": "pedidos.historicopedido", "pk": 13, "fields": {"pedido": 7, "tipo": "criacao", "status_anterior": null, "status_novo": null, "descricao": "Pedido criado por admin", "usuario": ["admin"], "data": "2025-07-03T17:49:12.600Z"}}, {"model": "pedidos.historicopedido", "pk": 14, "fields": {"pedido": 8, "tipo": "criacao", "status_anterior": null, "status_novo": null, "descricao": "Pedido criado por admin", "usuario": ["admin"], "data": "2025-07-03T18:48:04.749Z"}}, {"model": "pedidos.historicopedido", "pk": 15, "fields": {"pedido": 9, "tipo": "criacao", "status_anterior": null, "status_novo": null, "descricao": "Pedido criado por admin", "usuario": ["admin"], "data": "2025-07-03T18:56:46.137Z"}}, {"model": "pedidos.historicopedido", "pk": 16, "fields": {"pedido": 10, "tipo": "criacao", "status_anterior": null, "status_novo": null, "descricao": "Pedido criado por admin", "usuario": ["admin"], "data": "2025-07-05T13:51:13.135Z"}}, {"model": "pedidos.historicopedido", "pk": 17, "fields": {"pedido": 11, "tipo": "criacao", "status_anterior": null, "status_novo": null, "descricao": "Pedido criado por admin", "usuario": ["admin"], "data": "2025-07-05T14:17:10.697Z"}}, {"model": "pedidos.historicopedido", "pk": 18, "fields": {"pedido": 3, "tipo": "status", "status_anterior": "P", "status_novo": "A", "descricao": "Status alterado de Pendente para Aprovado", "usuario": ["admin"], "data": "2025-07-05T20:22:16.641Z"}}, {"model": "pedidos.historicopedido", "pk": 19, "fields": {"pedido": 1, "tipo": "status", "status_anterior": "P", "status_novo": "A", "descricao": "Status alterado de Pendente para Aprovado", "usuario": ["admin"], "data": "2025-07-05T20:34:35.311Z"}}, {"model": "pedidos.historicopedido", "pk": 20, "fields": {"pedido": 12, "tipo": "criacao", "status_anterior": null, "status_novo": null, "descricao": "Pedido criado por admin", "usuario": ["admin"], "data": "2025-07-06T00:03:49.201Z"}}, {"model": "pedidos.historicopedido", "pk": 21, "fields": {"pedido": 12, "tipo": "edicao", "status_anterior": null, "status_novo": null, "descricao": "Pedido editado por admin", "usuario": ["admin"], "data": "2025-07-06T00:04:36.447Z"}}, {"model": "pedidos.historicopedido", "pk": 22, "fields": {"pedido": 12, "tipo": "edicao", "status_anterior": null, "status_novo": null, "descricao": "Pedido editado por admin", "usuario": ["admin"], "data": "2025-07-06T00:05:21.422Z"}}, {"model": "pedidos.historicopedido", "pk": 23, "fields": {"pedido": 3, "tipo": "edicao", "status_anterior": null, "status_novo": null, "descricao": "Pedido editado por admin", "usuario": ["admin"], "data": "2025-07-06T00:21:41.510Z"}}, {"model": "pedidos.historicopedido", "pk": 24, "fields": {"pedido": 3, "tipo": "edicao", "status_anterior": null, "status_novo": null, "descricao": "Pedido editado por admin", "usuario": ["admin"], "data": "2025-07-06T00:25:12.797Z"}}, {"model": "pedidos.historicopedido", "pk": 25, "fields": {"pedido": 3, "tipo": "edicao", "status_anterior": null, "status_novo": null, "descricao": "Pedido editado por admin", "usuario": ["admin"], "data": "2025-07-06T00:34:53.944Z"}}, {"model": "pedidos.historicopedido", "pk": 26, "fields": {"pedido": 3, "tipo": "edicao", "status_anterior": null, "status_novo": null, "descricao": "Pedido editado por admin", "usuario": ["admin"], "data": "2025-07-06T00:42:33.313Z"}}, {"model": "pedidos.historicopedido", "pk": 27, "fields": {"pedido": 3, "tipo": "edicao", "status_anterior": null, "status_novo": null, "descricao": "Pedido editado por admin", "usuario": ["admin"], "data": "2025-07-06T00:42:45.753Z"}}, {"model": "pedidos.historicopedido", "pk": 28, "fields": {"pedido": 3, "tipo": "edicao", "status_anterior": null, "status_novo": null, "descricao": "Pedido editado por admin", "usuario": ["admin"], "data": "2025-07-06T00:47:39.313Z"}}, {"model": "pedidos.historicopedido", "pk": 29, "fields": {"pedido": 13, "tipo": "criacao", "status_anterior": null, "status_novo": null, "descricao": "Pedido criado por admin", "usuario": ["admin"], "data": "2025-07-06T14:57:58.536Z"}}, {"model": "pedidos.historicopedido", "pk": 30, "fields": {"pedido": 14, "tipo": "criacao", "status_anterior": null, "status_novo": null, "descricao": "Pedido criado por admin", "usuario": ["admin"], "data": "2025-07-06T19:07:12.619Z"}}, {"model": "pedidos.historicopedido", "pk": 31, "fields": {"pedido": 15, "tipo": "criacao", "status_anterior": null, "status_novo": null, "descricao": "Pedido criado por admin", "usuario": ["admin"], "data": "2025-07-07T14:53:28.771Z"}}, {"model": "pedidos.historicopedido", "pk": 32, "fields": {"pedido": 15, "tipo": "edicao", "status_anterior": null, "status_novo": null, "descricao": "Pedido editado por admin", "usuario": ["admin"], "data": "2025-07-07T14:53:48.356Z"}}, {"model": "pedidos.historicopedido", "pk": 33, "fields": {"pedido": 16, "tipo": "criacao", "status_anterior": null, "status_novo": null, "descricao": "Pedido criado por admin", "usuario": ["admin"], "data": "2025-07-07T19:04:25.856Z"}}, {"model": "pedidos.historicopedido", "pk": 34, "fields": {"pedido": 17, "tipo": "criacao", "status_anterior": null, "status_novo": null, "descricao": "Pedido criado por admin", "usuario": ["admin"], "data": "2025-07-07T19:07:21.380Z"}}, {"model": "pedidos.historicopedido", "pk": 35, "fields": {"pedido": 18, "tipo": "criacao", "status_anterior": null, "status_novo": null, "descricao": "Pedido criado por admin", "usuario": ["admin"], "data": "2025-07-07T21:38:24.720Z"}}, {"model": "pedidos.historicopedido", "pk": 36, "fields": {"pedido": 17, "tipo": "status", "status_anterior": "P", "status_novo": "A", "descricao": "Status alterado de Pendente para Aprovado", "usuario": ["admin"], "data": "2025-07-07T21:49:56.092Z"}}, {"model": "pedidos.historicopedido", "pk": 37, "fields": {"pedido": 15, "tipo": "status", "status_anterior": "P", "status_novo": "A", "descricao": "Status alterado de Pendente para Aprovado", "usuario": ["admin"], "data": "2025-07-07T21:50:17.370Z"}}, {"model": "pedidos.historicopedido", "pk": 38, "fields": {"pedido": 12, "tipo": "edicao", "status_anterior": null, "status_novo": null, "descricao": "Pedido editado por admin", "usuario": ["admin"], "data": "2025-07-07T22:03:10.722Z"}}, {"model": "pedidos.historicopedido", "pk": 39, "fields": {"pedido": 12, "tipo": "status", "status_anterior": "P", "status_novo": "A", "descricao": "Status alterado de Pendente para Aprovado", "usuario": ["admin"], "data": "2025-07-08T16:47:33.917Z"}}, {"model": "pedidos.historicopedido", "pk": 40, "fields": {"pedido": 19, "tipo": "criacao", "status_anterior": null, "status_novo": null, "descricao": "Pedido criado por admin", "usuario": ["admin"], "data": "2025-07-09T14:52:25.218Z"}}, {"model": "pedidos.historicopedido", "pk": 41, "fields": {"pedido": 20, "tipo": "criacao", "status_anterior": null, "status_novo": null, "descricao": "Pedido criado por admin", "usuario": ["admin"], "data": "2025-07-09T14:54:33.868Z"}}, {"model": "pedidos.historicopedido", "pk": 42, "fields": {"pedido": 21, "tipo": "criacao", "status_anterior": null, "status_novo": null, "descricao": "Pedido criado por admin", "usuario": ["admin"], "data": "2025-07-09T14:59:23.012Z"}}, {"model": "pedidos.pedido", "pk": 1, "fields": {"cliente": 3, "data": "2025-06-26", "codigo": "PED-00001", "status": "T", "prioridade": "U", "desconto": "0.00", "taxa_entrega": "0.00", "vendedor": "Douglas", "usuario": ["admin"], "forma_pagamento": "pix", "data_entrega_prevista": "2025-07-11", "data_entrega_realizada": null, "arquivo_arte": "", "arte_aprovada": false, "data_arte_aprovada": null, "arquivo_arte_aprovada": "", "observacoes_arte": "", "observacoes": "", "observacoes_internas": "", "valor_sinal": "150.00", "valor_restante": "100.00", "valor_recebido": "250.00", "sinal_pago": false, "data_sinal_pago": null, "restante_pago": false, "data_restante_pago": null, "forma_envio": "proprio", "codigo_rastreio": "", "data_envio": null, "data_entrega": "2025-07-05T23:02:27.381Z", "criado_em": "2025-06-27T02:56:22.199Z", "atualizado_em": "2025-07-05T23:02:27.381Z", "cupom": null}}, {"model": "pedidos.pedido", "pk": 2, "fields": {"cliente": 5, "data": "2025-06-27", "codigo": "PED-00002", "status": "A", "prioridade": "N", "desconto": "0.00", "taxa_entrega": "32.00", "vendedor": "Jussara", "usuario": ["admin"], "forma_pagamento": "pix", "data_entrega_prevista": "2025-07-18", "data_entrega_realizada": null, "arquivo_arte": "", "arte_aprovada": false, "data_arte_aprovada": null, "arquivo_arte_aprovada": "", "observacoes_arte": "", "observacoes": "150 sacolas personalizada 40x50", "observacoes_internas": "", "valor_sinal": "190.20", "valor_restante": "126.80", "valor_recebido": "142.50", "sinal_pago": false, "data_sinal_pago": null, "restante_pago": false, "data_restante_pago": null, "forma_envio": "loggi", "codigo_rastreio": "", "data_envio": null, "data_entrega": null, "criado_em": "2025-06-27T19:13:20.324Z", "atualizado_em": "2025-07-06T00:15:27.188Z", "cupom": null}}, {"model": "pedidos.pedido", "pk": 3, "fields": {"cliente": 8, "data": "2025-07-01", "codigo": "PED-00003", "status": "T", "prioridade": "N", "desconto": "0.00", "taxa_entrega": "20.00", "vendedor": "Douglas", "usuario": ["admin"], "forma_pagamento": "pix", "data_entrega_prevista": "2025-07-11", "data_entrega_realizada": null, "arquivo_arte": "", "arte_aprovada": false, "data_arte_aprovada": null, "arquivo_arte_aprovada": "", "observacoes_arte": "", "observacoes": "", "observacoes_internas": "", "valor_sinal": "68.40", "valor_restante": "45.60", "valor_recebido": "94.00", "sinal_pago": false, "data_sinal_pago": null, "restante_pago": false, "data_restante_pago": null, "forma_envio": "loggi", "codigo_rastreio": "", "data_envio": null, "data_entrega": "2025-07-09T15:46:13.994Z", "criado_em": "2025-07-01T18:02:53.651Z", "atualizado_em": "2025-07-09T15:46:13.995Z", "cupom": null}}, {"model": "pedidos.pedido", "pk": 4, "fields": {"cliente": 16, "data": "2025-07-01", "codigo": "PED-00004", "status": "P", "prioridade": "N", "desconto": "0.00", "taxa_entrega": "0.00", "vendedor": "Jussara", "usuario": ["admin"], "forma_pagamento": "pix", "data_entrega_prevista": "2025-07-22", "data_entrega_realizada": null, "arquivo_arte": "", "arte_aprovada": false, "data_arte_aprovada": null, "arquivo_arte_aprovada": "", "observacoes_arte": "", "observacoes": "sacola rosa bebe personalizado dourado", "observacoes_internas": "", "valor_sinal": "253.80", "valor_restante": "169.20", "valor_recebido": "90.00", "sinal_pago": false, "data_sinal_pago": null, "restante_pago": false, "data_restante_pago": null, "forma_envio": "loggi", "codigo_rastreio": "", "data_envio": null, "data_entrega": null, "criado_em": "2025-07-01T18:39:24.796Z", "atualizado_em": "2025-07-01T18:39:24.814Z", "cupom": null}}, {"model": "pedidos.pedido", "pk": 5, "fields": {"cliente": 17, "data": "2025-07-03", "codigo": "PED-00005", "status": "A", "prioridade": "N", "desconto": "0.00", "taxa_entrega": "20.00", "vendedor": "Jussara", "usuario": ["admin"], "forma_pagamento": "pix", "data_entrega_prevista": "2025-07-05", "data_entrega_realizada": null, "arquivo_arte": "", "arte_aprovada": false, "data_arte_aprovada": null, "arquivo_arte_aprovada": "", "observacoes_arte": "", "observacoes": "", "observacoes_internas": "", "valor_sinal": "122.40", "valor_restante": "81.60", "valor_recebido": "204.00", "sinal_pago": false, "data_sinal_pago": null, "restante_pago": false, "data_restante_pago": null, "forma_envio": "loggi", "codigo_rastreio": "", "data_envio": null, "data_entrega": null, "criado_em": "2025-07-03T16:07:20.562Z", "atualizado_em": "2025-07-06T01:00:02.316Z", "cupom": null}}, {"model": "pedidos.pedido", "pk": 6, "fields": {"cliente": 18, "data": "2025-07-03", "codigo": "PED-00006", "status": "P", "prioridade": "N", "desconto": "0.00", "taxa_entrega": "20.00", "vendedor": "Jussara", "usuario": ["admin"], "forma_pagamento": "pix", "data_entrega_prevista": "2025-07-24", "data_entrega_realizada": null, "arquivo_arte": "", "arte_aprovada": false, "data_arte_aprovada": null, "arquivo_arte_aprovada": "", "observacoes_arte": "", "observacoes": "", "observacoes_internas": "", "valor_sinal": "126.00", "valor_restante": "84.00", "valor_recebido": "105.00", "sinal_pago": false, "data_sinal_pago": null, "restante_pago": false, "data_restante_pago": null, "forma_envio": "loggi", "codigo_rastreio": "", "data_envio": null, "data_entrega": null, "criado_em": "2025-07-03T16:12:47.641Z", "atualizado_em": "2025-07-03T16:12:47.650Z", "cupom": null}}, {"model": "pedidos.pedido", "pk": 7, "fields": {"cliente": 19, "data": "2025-07-03", "codigo": "PED-00007", "status": "P", "prioridade": "U", "desconto": "0.00", "taxa_entrega": "20.00", "vendedor": "Jussara", "usuario": ["admin"], "forma_pagamento": "pix", "data_entrega_prevista": "2025-07-17", "data_entrega_realizada": null, "arquivo_arte": "", "arte_aprovada": false, "data_arte_aprovada": null, "arquivo_arte_aprovada": "", "observacoes_arte": "", "observacoes": "", "observacoes_internas": "", "valor_sinal": "145.80", "valor_restante": "97.20", "valor_recebido": "243.00", "sinal_pago": false, "data_sinal_pago": null, "restante_pago": false, "data_restante_pago": null, "forma_envio": "loggi", "codigo_rastreio": "", "data_envio": null, "data_entrega": null, "criado_em": "2025-07-03T17:49:12.583Z", "atualizado_em": "2025-07-03T17:49:12.597Z", "cupom": null}}, {"model": "pedidos.pedido", "pk": 8, "fields": {"cliente": 20, "data": "2025-07-03", "codigo": "PED-00008", "status": "P", "prioridade": "N", "desconto": "0.00", "taxa_entrega": "20.00", "vendedor": "Jussara", "usuario": ["admin"], "forma_pagamento": "pix", "data_entrega_prevista": "2025-07-17", "data_entrega_realizada": null, "arquivo_arte": "", "arte_aprovada": false, "data_arte_aprovada": null, "arquivo_arte_aprovada": "", "observacoes_arte": "", "observacoes": "", "observacoes_internas": "", "valor_sinal": "33.00", "valor_restante": "22.00", "valor_recebido": "55.00", "sinal_pago": false, "data_sinal_pago": null, "restante_pago": false, "data_restante_pago": null, "forma_envio": "loggi", "codigo_rastreio": "", "data_envio": null, "data_entrega": null, "criado_em": "2025-07-03T18:48:04.732Z", "atualizado_em": "2025-07-03T18:48:04.746Z", "cupom": null}}, {"model": "pedidos.pedido", "pk": 9, "fields": {"cliente": 21, "data": "2025-07-03", "codigo": "PED-00009", "status": "P", "prioridade": "N", "desconto": "0.00", "taxa_entrega": "20.00", "vendedor": "Jussara", "usuario": ["admin"], "forma_pagamento": "pix", "data_entrega_prevista": "2025-07-17", "data_entrega_realizada": null, "arquivo_arte": "", "arte_aprovada": false, "data_arte_aprovada": null, "arquivo_arte_aprovada": "", "observacoes_arte": "", "observacoes": "", "observacoes_internas": "", "valor_sinal": "54.00", "valor_restante": "36.00", "valor_recebido": "90.00", "sinal_pago": false, "data_sinal_pago": null, "restante_pago": false, "data_restante_pago": null, "forma_envio": "loggi", "codigo_rastreio": "", "data_envio": null, "data_entrega": null, "criado_em": "2025-07-03T18:56:46.126Z", "atualizado_em": "2025-07-03T18:56:46.134Z", "cupom": null}}, {"model": "pedidos.pedido", "pk": 10, "fields": {"cliente": 22, "data": "2025-07-05", "codigo": "PED-00010", "status": "P", "prioridade": "N", "desconto": "0.00", "taxa_entrega": "20.00", "vendedor": "Jussara", "usuario": ["admin"], "forma_pagamento": "pix", "data_entrega_prevista": "2025-07-18", "data_entrega_realizada": null, "arquivo_arte": "", "arte_aprovada": false, "data_arte_aprovada": null, "arquivo_arte_aprovada": "", "observacoes_arte": "", "observacoes": "", "observacoes_internas": "", "valor_sinal": "33.00", "valor_restante": "22.00", "valor_recebido": "55.00", "sinal_pago": false, "data_sinal_pago": null, "restante_pago": false, "data_restante_pago": null, "forma_envio": "loggi", "codigo_rastreio": "", "data_envio": null, "data_entrega": null, "criado_em": "2025-07-05T13:51:13.118Z", "atualizado_em": "2025-07-05T13:51:13.131Z", "cupom": null}}, {"model": "pedidos.pedido", "pk": 11, "fields": {"cliente": 23, "data": "2025-07-05", "codigo": "PED-00011", "status": "P", "prioridade": "N", "desconto": "0.00", "taxa_entrega": "20.00", "vendedor": "Jussara", "usuario": ["admin"], "forma_pagamento": "pix", "data_entrega_prevista": "2025-07-25", "data_entrega_realizada": null, "arquivo_arte": "", "arte_aprovada": false, "data_arte_aprovada": null, "arquivo_arte_aprovada": "", "observacoes_arte": "", "observacoes": "2 ARTES DIFERENTE", "observacoes_internas": "", "valor_sinal": "132.00", "valor_restante": "88.00", "valor_recebido": "110.00", "sinal_pago": false, "data_sinal_pago": null, "restante_pago": false, "data_restante_pago": null, "forma_envio": "", "codigo_rastreio": "", "data_envio": null, "data_entrega": null, "criado_em": "2025-07-05T14:17:10.684Z", "atualizado_em": "2025-07-05T14:17:10.693Z", "cupom": null}}, {"model": "pedidos.pedido", "pk": 12, "fields": {"cliente": 11, "data": "2025-07-05", "codigo": "PED-00012", "status": "A", "prioridade": "N", "desconto": "0.00", "taxa_entrega": "20.00", "vendedor": "Douglas", "usuario": ["admin"], "forma_pagamento": "pix", "data_entrega_prevista": "2025-07-22", "data_entrega_realizada": null, "arquivo_arte": "", "arte_aprovada": false, "data_arte_aprovada": null, "arquivo_arte_aprovada": "", "observacoes_arte": "", "observacoes": "o envio vai ser a combinar apor o pedido pronto", "observacoes_internas": "", "valor_sinal": "120.00", "valor_restante": "80.00", "valor_recebido": "200.00", "sinal_pago": false, "data_sinal_pago": null, "restante_pago": false, "data_restante_pago": null, "forma_envio": "proprio", "codigo_rastreio": "", "data_envio": null, "data_entrega": null, "criado_em": "2025-07-06T00:03:49.187Z", "atualizado_em": "2025-07-08T16:47:33.909Z", "cupom": null}}, {"model": "pedidos.pedido", "pk": 13, "fields": {"cliente": 24, "data": "2025-07-06", "codigo": "PED-00013", "status": "P", "prioridade": "N", "desconto": "0.00", "taxa_entrega": "0.00", "vendedor": "Jussara", "usuario": ["admin"], "forma_pagamento": "pix", "data_entrega_prevista": "2025-07-25", "data_entrega_realizada": null, "arquivo_arte": "", "arte_aprovada": false, "data_arte_aprovada": null, "arquivo_arte_aprovada": "", "observacoes_arte": "", "observacoes": "", "observacoes_internas": "", "valor_sinal": "78.00", "valor_restante": "52.00", "valor_recebido": "0.00", "sinal_pago": false, "data_sinal_pago": null, "restante_pago": false, "data_restante_pago": null, "forma_envio": "loggi", "codigo_rastreio": "", "data_envio": null, "data_entrega": null, "criado_em": "2025-07-06T14:57:58.524Z", "atualizado_em": "2025-07-06T14:57:58.533Z", "cupom": null}}, {"model": "pedidos.pedido", "pk": 14, "fields": {"cliente": 25, "data": "2025-07-06", "codigo": "PED-00014", "status": "P", "prioridade": "N", "desconto": "0.00", "taxa_entrega": "0.00", "vendedor": "Jussara", "usuario": ["admin"], "forma_pagamento": "pix", "data_entrega_prevista": "2025-07-18", "data_entrega_realizada": null, "arquivo_arte": "", "arte_aprovada": false, "data_arte_aprovada": null, "arquivo_arte_aprovada": "", "observacoes_arte": "", "observacoes": "", "observacoes_internas": "", "valor_sinal": "63.00", "valor_restante": "42.00", "valor_recebido": "105.00", "sinal_pago": false, "data_sinal_pago": null, "restante_pago": false, "data_restante_pago": null, "forma_envio": "proprio", "codigo_rastreio": "", "data_envio": null, "data_entrega": null, "criado_em": "2025-07-06T19:07:12.605Z", "atualizado_em": "2025-07-06T19:07:12.615Z", "cupom": null}}, {"model": "pedidos.pedido", "pk": 15, "fields": {"cliente": 26, "data": "2025-07-07", "codigo": "PED-00015", "status": "A", "prioridade": "N", "desconto": "0.00", "taxa_entrega": "0.00", "vendedor": "Douglas", "usuario": ["admin"], "forma_pagamento": "pix", "data_entrega_prevista": "2025-07-09", "data_entrega_realizada": null, "arquivo_arte": "", "arte_aprovada": false, "data_arte_aprovada": null, "arquivo_arte_aprovada": "", "observacoes_arte": "", "observacoes": "CAMISETA CINZA MESCLA\r\n5G\r\n5GG", "observacoes_internas": "", "valor_sinal": "330.00", "valor_restante": "220.00", "valor_recebido": "300.00", "sinal_pago": false, "data_sinal_pago": null, "restante_pago": false, "data_restante_pago": null, "forma_envio": "proprio", "codigo_rastreio": "", "data_envio": null, "data_entrega": null, "criado_em": "2025-07-07T14:53:28.759Z", "atualizado_em": "2025-07-07T21:50:17.365Z", "cupom": null}}, {"model": "pedidos.pedido", "pk": 16, "fields": {"cliente": 27, "data": "2025-07-07", "codigo": "PED-00016", "status": "P", "prioridade": "U", "desconto": "0.00", "taxa_entrega": "20.00", "vendedor": "Jussara", "usuario": ["admin"], "forma_pagamento": "pix", "data_entrega_prevista": "2025-07-21", "data_entrega_realizada": null, "arquivo_arte": "", "arte_aprovada": false, "data_arte_aprovada": null, "arquivo_arte_aprovada": "", "observacoes_arte": "", "observacoes": "", "observacoes_internas": "", "valor_sinal": "85.80", "valor_restante": "57.20", "valor_recebido": "143.00", "sinal_pago": false, "data_sinal_pago": null, "restante_pago": false, "data_restante_pago": null, "forma_envio": "loggi", "codigo_rastreio": "", "data_envio": null, "data_entrega": null, "criado_em": "2025-07-07T19:04:25.842Z", "atualizado_em": "2025-07-07T19:04:25.852Z", "cupom": null}}, {"model": "pedidos.pedido", "pk": 17, "fields": {"cliente": 28, "data": "2025-07-07", "codigo": "PED-00017", "status": "A", "prioridade": "U", "desconto": "0.00", "taxa_entrega": "0.00", "vendedor": "Jussara", "usuario": ["admin"], "forma_pagamento": "pix", "data_entrega_prevista": "2025-07-21", "data_entrega_realizada": null, "arquivo_arte": "", "arte_aprovada": false, "data_arte_aprovada": null, "arquivo_arte_aprovada": "", "observacoes_arte": "", "observacoes": "", "observacoes_internas": "", "valor_sinal": "723.00", "valor_restante": "482.00", "valor_recebido": "1000.00", "sinal_pago": false, "data_sinal_pago": null, "restante_pago": false, "data_restante_pago": null, "forma_envio": "loggi", "codigo_rastreio": "", "data_envio": null, "data_entrega": null, "criado_em": "2025-07-07T19:07:21.360Z", "atualizado_em": "2025-07-07T21:49:56.087Z", "cupom": null}}, {"model": "pedidos.pedido", "pk": 18, "fields": {"cliente": 9, "data": "2025-07-07", "codigo": "PED-00018", "status": "A", "prioridade": "N", "desconto": "0.00", "taxa_entrega": "40.00", "vendedor": "Douglas", "usuario": ["admin"], "forma_pagamento": "pix", "data_entrega_prevista": "2025-07-28", "data_entrega_realizada": null, "arquivo_arte": "", "arte_aprovada": false, "data_arte_aprovada": null, "arquivo_arte_aprovada": "", "observacoes_arte": "", "observacoes": "", "observacoes_internas": "", "valor_sinal": "80.40", "valor_restante": "53.60", "valor_recebido": "0.00", "sinal_pago": false, "data_sinal_pago": null, "restante_pago": false, "data_restante_pago": null, "forma_envio": "correios", "codigo_rastreio": "", "data_envio": null, "data_entrega": null, "criado_em": "2025-07-07T21:38:24.707Z", "atualizado_em": "2025-07-09T15:24:22.660Z", "cupom": null}}, {"model": "pedidos.pedido", "pk": 19, "fields": {"cliente": 29, "data": "2025-07-09", "codigo": "PED-00019", "status": "P", "prioridade": "N", "desconto": "0.00", "taxa_entrega": "20.00", "vendedor": "Jussara", "usuario": ["admin"], "forma_pagamento": "pix", "data_entrega_prevista": "2025-07-23", "data_entrega_realizada": null, "arquivo_arte": "", "arte_aprovada": false, "data_arte_aprovada": null, "arquivo_arte_aprovada": "", "observacoes_arte": "", "observacoes": "", "observacoes_internas": "", "valor_sinal": "108.00", "valor_restante": "72.00", "valor_recebido": "180.00", "sinal_pago": false, "data_sinal_pago": null, "restante_pago": false, "data_restante_pago": null, "forma_envio": "proprio", "codigo_rastreio": "", "data_envio": null, "data_entrega": null, "criado_em": "2025-07-09T14:52:25.204Z", "atualizado_em": "2025-07-09T14:52:25.215Z", "cupom": null}}, {"model": "pedidos.pedido", "pk": 20, "fields": {"cliente": 30, "data": "2025-07-09", "codigo": "PED-00020", "status": "P", "prioridade": "N", "desconto": "0.00", "taxa_entrega": "20.00", "vendedor": "Jussara", "usuario": ["admin"], "forma_pagamento": "pix", "data_entrega_prevista": "2025-07-23", "data_entrega_realizada": null, "arquivo_arte": "", "arte_aprovada": false, "data_arte_aprovada": null, "arquivo_arte_aprovada": "", "observacoes_arte": "", "observacoes": "", "observacoes_internas": "", "valor_sinal": "54.00", "valor_restante": "36.00", "valor_recebido": "90.00", "sinal_pago": false, "data_sinal_pago": null, "restante_pago": false, "data_restante_pago": null, "forma_envio": "loggi", "codigo_rastreio": "", "data_envio": null, "data_entrega": null, "criado_em": "2025-07-09T14:54:33.858Z", "atualizado_em": "2025-07-09T14:54:33.865Z", "cupom": null}}, {"model": "pedidos.pedido", "pk": 21, "fields": {"cliente": 31, "data": "2025-07-09", "codigo": "PED-00021", "status": "P", "prioridade": "N", "desconto": "0.00", "taxa_entrega": "20.00", "vendedor": "Jussara", "usuario": ["admin"], "forma_pagamento": "pix", "data_entrega_prevista": "2026-02-11", "data_entrega_realizada": null, "arquivo_arte": "", "arte_aprovada": false, "data_arte_aprovada": null, "arquivo_arte_aprovada": "", "observacoes_arte": "", "observacoes": "", "observacoes_internas": "", "valor_sinal": "85.80", "valor_restante": "57.20", "valor_recebido": "143.00", "sinal_pago": false, "data_sinal_pago": null, "restante_pago": false, "data_restante_pago": null, "forma_envio": "loggi", "codigo_rastreio": "", "data_envio": null, "data_entrega": null, "criado_em": "2025-07-09T14:59:23.002Z", "atualizado_em": "2025-07-09T14:59:23.009Z", "cupom": null}}, {"model": "clientes.cliente", "pk": 1, "fields": {"codigo": "00001", "cpf_cnpj": null, "nome": "DOUGLAS VIEIRA", "email": null, "telefone": "(11) 95884-7340", "tipo_cliente": 1, "segmento": 4, "ativo": true, "observacao": "", "data_cadastro": "2025-06-27T02:15:38.034Z", "criado_por": null, "programa_fidelidade": null, "pontos_fidelidade": 0, "nome_loja": "MV PRINT", "tags": []}}, {"model": "clientes.cliente", "pk": 3, "fields": {"codigo": "00002", "cpf_cnpj": null, "nome": "GRAZIELE RODRIGUES SANTANA", "email": null, "telefone": "(11) 97951-7829", "tipo_cliente": 4, "segmento": 1, "ativo": true, "observacao": "", "data_cadastro": "2025-06-27T02:46:28.482Z", "criado_por": null, "programa_fidelidade": null, "pontos_fidelidade": 0, "nome_loja": "BELLY MODAS", "tags": []}}, {"model": "clientes.cliente", "pk": 4, "fields": {"codigo": "00003", "cpf_cnpj": "850.363.660-34", "nome": "NATALI NAOMI MACHADO DOS SANTOS", "email": null, "telefone": "(51) 99284-0190", "tipo_cliente": 1, "segmento": 1, "ativo": true, "observacao": "", "data_cadastro": "2025-06-27T03:14:16.624Z", "criado_por": null, "programa_fidelidade": null, "pontos_fidelidade": 0, "nome_loja": "NS MODA FEMININA", "tags": []}}, {"model": "clientes.cliente", "pk": 5, "fields": {"codigo": "00004", "cpf_cnpj": null, "nome": "AMANDA CRISTINA SOLIDADE  SILVA", "email": null, "telefone": "(38) 99742-5818", "tipo_cliente": 2, "segmento": 6, "ativo": true, "observacao": "", "data_cadastro": "2025-06-27T19:09:50.119Z", "criado_por": null, "programa_fidelidade": null, "pontos_fidelidade": 0, "nome_loja": "PREMIUM BOOTS", "tags": []}}, {"model": "clientes.cliente", "pk": 6, "fields": {"codigo": "00005", "cpf_cnpj": null, "nome": "MAYARA CARLOS LOZANO", "email": null, "telefone": "(11) 98737-4956", "tipo_cliente": 1, "segmento": 1, "ativo": true, "observacao": "", "data_cadastro": "2025-06-28T00:20:44.620Z", "criado_por": null, "programa_fidelidade": null, "pontos_fidelidade": 0, "nome_loja": "MAY CLOSET", "tags": []}}, {"model": "clientes.cliente", "pk": 7, "fields": {"codigo": "00006", "cpf_cnpj": null, "nome": "CLEO BARBOSA", "email": null, "telefone": "(11) 97994-3571", "tipo_cliente": 1, "segmento": 1, "ativo": true, "observacao": "", "data_cadastro": "2025-06-28T00:22:07.060Z", "criado_por": null, "programa_fidelidade": null, "pontos_fidelidade": 0, "nome_loja": "REDHEAD'S", "tags": []}}, {"model": "clientes.cliente", "pk": 8, "fields": {"codigo": "00007", "cpf_cnpj": null, "nome": "NAYARA AZEVEDO", "email": null, "telefone": "(11) 98189-3609", "tipo_cliente": 2, "segmento": 3, "ativo": true, "observacao": "", "data_cadastro": "2025-06-28T00:24:09.512Z", "criado_por": null, "programa_fidelidade": null, "pontos_fidelidade": 0, "nome_loja": "NL NAYARA ACESSORIOS", "tags": []}}, {"model": "clientes.cliente", "pk": 9, "fields": {"codigo": "00008", "cpf_cnpj": "070.421.945-00", "nome": "NATALIA MATOS DOS ANJOS", "email": null, "telefone": "(75) 09249-7211", "tipo_cliente": 1, "segmento": 1, "ativo": true, "observacao": "", "data_cadastro": "2025-06-28T00:31:09.463Z", "criado_por": null, "programa_fidelidade": null, "pontos_fidelidade": 0, "nome_loja": "ENCANTO MODAS", "tags": []}}, {"model": "clientes.cliente", "pk": 10, "fields": {"codigo": "00009", "cpf_cnpj": null, "nome": "MISLENE", "email": null, "telefone": "(11) 91225-4485", "tipo_cliente": 2, "segmento": 1, "ativo": true, "observacao": "", "data_cadastro": "2025-06-28T00:36:25.859Z", "criado_por": null, "programa_fidelidade": null, "pontos_fidelidade": 0, "nome_loja": "CANTINHO DA MIS", "tags": []}}, {"model": "clientes.cliente", "pk": 11, "fields": {"codigo": "00010", "cpf_cnpj": null, "nome": "GRASI", "email": null, "telefone": "(11) 98255-8838", "tipo_cliente": 2, "segmento": 1, "ativo": true, "observacao": "", "data_cadastro": "2025-06-28T00:39:11.867Z", "criado_por": null, "programa_fidelidade": null, "pontos_fidelidade": 0, "nome_loja": "USE GRASI", "tags": []}}, {"model": "clientes.cliente", "pk": 12, "fields": {"codigo": "00011", "cpf_cnpj": "054.496.105-64", "nome": "JESSICA MERONE", "email": null, "telefone": "(11) 99386-3997", "tipo_cliente": 1, "segmento": 1, "ativo": true, "observacao": "", "data_cadastro": "2025-06-28T00:41:29.187Z", "criado_por": null, "programa_fidelidade": null, "pontos_fidelidade": 0, "nome_loja": "NUANCE LUXUOSA", "tags": []}}, {"model": "clientes.cliente", "pk": 13, "fields": {"codigo": "00012", "cpf_cnpj": null, "nome": "VALERIA INACIA DE MENEZES", "email": null, "telefone": "(11) 99518-3886", "tipo_cliente": 4, "segmento": 1, "ativo": true, "observacao": "", "data_cadastro": "2025-06-28T00:44:35.129Z", "criado_por": null, "programa_fidelidade": null, "pontos_fidelidade": 0, "nome_loja": "VGLOSS", "tags": []}}, {"model": "clientes.cliente", "pk": 14, "fields": {"codigo": "00013", "cpf_cnpj": null, "nome": "MARIA APARECIDA DOS SANTOS ALMEIDA", "email": null, "telefone": "(11) 95295-9707", "tipo_cliente": 2, "segmento": 1, "ativo": true, "observacao": "", "data_cadastro": "2025-06-28T00:50:47.534Z", "criado_por": null, "programa_fidelidade": null, "pontos_fidelidade": 0, "nome_loja": "MARISSA MODAS", "tags": []}}, {"model": "clientes.cliente", "pk": 15, "fields": {"codigo": "00014", "cpf_cnpj": null, "nome": "CINTIA FERREIRA DA SILVA", "email": null, "telefone": "(11) 96434-8662", "tipo_cliente": 1, "segmento": 1, "ativo": true, "observacao": "", "data_cadastro": "2025-06-28T00:54:14.303Z", "criado_por": null, "programa_fidelidade": null, "pontos_fidelidade": 0, "nome_loja": "RUBI MODAS", "tags": []}}, {"model": "clientes.cliente", "pk": 16, "fields": {"codigo": "00015", "cpf_cnpj": null, "nome": "RAYZA GONÇALVES", "email": null, "telefone": "(11) 95290-9736", "tipo_cliente": 2, "segmento": 1, "ativo": true, "observacao": "", "data_cadastro": "2025-07-01T18:29:42.649Z", "criado_por": null, "programa_fidelidade": null, "pontos_fidelidade": 0, "nome_loja": "RG BOUTIQUE", "tags": []}}, {"model": "clientes.cliente", "pk": 17, "fields": {"codigo": "00016", "cpf_cnpj": null, "nome": "MARIA EDUARDA JESUS DE LIMA", "email": null, "telefone": "(11) 93940-0185", "tipo_cliente": 2, "segmento": null, "ativo": true, "observacao": "", "data_cadastro": "2025-07-03T16:04:47.567Z", "criado_por": null, "programa_fidelidade": null, "pontos_fidelidade": 0, "nome_loja": "PRECIOSA ACESSORIOS", "tags": []}}, {"model": "clientes.cliente", "pk": 18, "fields": {"codigo": "00017", "cpf_cnpj": null, "nome": "JULIANA MIGUEL SANTIAGO", "email": null, "telefone": "(21) 96916-1935", "tipo_cliente": 2, "segmento": 1, "ativo": true, "observacao": "", "data_cadastro": "2025-07-03T16:08:49.560Z", "criado_por": null, "programa_fidelidade": null, "pontos_fidelidade": 0, "nome_loja": "JM ROUPAS ACESSORIOS", "tags": []}}, {"model": "clientes.cliente", "pk": 19, "fields": {"codigo": "00018", "cpf_cnpj": null, "nome": "TALITA OLVEIRA BARBOSA", "email": null, "telefone": "(12) 98863-4085", "tipo_cliente": 2, "segmento": 1, "ativo": true, "observacao": "", "data_cadastro": "2025-07-03T17:48:01.611Z", "criado_por": null, "programa_fidelidade": null, "pontos_fidelidade": 0, "nome_loja": "TALITA MODAS", "tags": []}}, {"model": "clientes.cliente", "pk": 20, "fields": {"codigo": "00019", "cpf_cnpj": null, "nome": "DANIELA BUENO", "email": null, "telefone": "(11) 94979-1005", "tipo_cliente": 2, "segmento": 4, "ativo": true, "observacao": "", "data_cadastro": "2025-07-03T18:33:21.931Z", "criado_por": null, "programa_fidelidade": null, "pontos_fidelidade": 0, "nome_loja": "BELLA COR", "tags": []}}, {"model": "clientes.cliente", "pk": 21, "fields": {"codigo": "00020", "cpf_cnpj": null, "nome": "MEIRE VELOSO", "email": null, "telefone": "(18) 93505-5758", "tipo_cliente": 1, "segmento": null, "ativo": true, "observacao": "", "data_cadastro": "2025-07-03T18:55:54.076Z", "criado_por": null, "programa_fidelidade": null, "pontos_fidelidade": 0, "nome_loja": null, "tags": []}}, {"model": "clientes.cliente", "pk": 22, "fields": {"codigo": "00021", "cpf_cnpj": null, "nome": "NATHALIE CRISTINA DE OLIVEIRA", "email": null, "telefone": "(17) 98133-4618", "tipo_cliente": 2, "segmento": 5, "ativo": true, "observacao": "", "data_cadastro": "2025-07-05T13:49:36.415Z", "criado_por": null, "programa_fidelidade": null, "pontos_fidelidade": 0, "nome_loja": null, "tags": []}}, {"model": "clientes.cliente", "pk": 23, "fields": {"codigo": "00022", "cpf_cnpj": null, "nome": "REGINALDO CRUZ", "email": null, "telefone": "(11) 93014-9036", "tipo_cliente": 2, "segmento": 3, "ativo": true, "observacao": "", "data_cadastro": "2025-07-05T14:16:17.658Z", "criado_por": null, "programa_fidelidade": null, "pontos_fidelidade": 0, "nome_loja": null, "tags": []}}, {"model": "clientes.cliente", "pk": 24, "fields": {"codigo": "00023", "cpf_cnpj": null, "nome": "DAYANE MEDEIROS DA ROCHA", "email": null, "telefone": "(11) 96832-7453", "tipo_cliente": 2, "segmento": 4, "ativo": true, "observacao": "", "data_cadastro": "2025-07-06T14:56:11.320Z", "criado_por": null, "programa_fidelidade": null, "pontos_fidelidade": 0, "nome_loja": null, "tags": []}}, {"model": "clientes.cliente", "pk": 25, "fields": {"codigo": "00024", "cpf_cnpj": null, "nome": "RENATA ENCONTEMAS DA DIVERSIDADE", "email": null, "telefone": "(11) 96822-8622", "tipo_cliente": null, "segmento": null, "ativo": true, "observacao": "", "data_cadastro": "2025-07-06T19:06:27.732Z", "criado_por": null, "programa_fidelidade": null, "pontos_fidelidade": 0, "nome_loja": null, "tags": []}}, {"model": "clientes.cliente", "pk": 26, "fields": {"codigo": "00025", "cpf_cnpj": null, "nome": "JOSELIO BATISTA", "email": "JBA.DECORES@OUTLOOK.COM.BR", "telefone": "(11) 96427-4342", "tipo_cliente": 1, "segmento": 7, "ativo": true, "observacao": "", "data_cadastro": "2025-07-07T14:51:42.236Z", "criado_por": null, "programa_fidelidade": null, "pontos_fidelidade": 0, "nome_loja": "JBA DECORES", "tags": []}}, {"model": "clientes.cliente", "pk": 27, "fields": {"codigo": "00026", "cpf_cnpj": null, "nome": "ALINE ALVARENGA", "email": null, "telefone": "(11) 99233-8406", "tipo_cliente": 2, "segmento": 1, "ativo": true, "observacao": "", "data_cadastro": "2025-07-07T19:03:31.401Z", "criado_por": null, "programa_fidelidade": null, "pontos_fidelidade": 0, "nome_loja": "LOPPI PIJAMAS", "tags": []}}, {"model": "clientes.cliente", "pk": 28, "fields": {"codigo": "00027", "cpf_cnpj": null, "nome": "DIOGO ALEXANDRE", "email": null, "telefone": "(11) 98627-7219", "tipo_cliente": 2, "segmento": 1, "ativo": true, "observacao": "", "data_cadastro": "2025-07-07T19:06:01.184Z", "criado_por": null, "programa_fidelidade": null, "pontos_fidelidade": 0, "nome_loja": "AMANDA LIMA BOUTIQUE", "tags": []}}, {"model": "clientes.cliente", "pk": 29, "fields": {"codigo": "00028", "cpf_cnpj": null, "nome": "MATHEUS RAFAL", "email": null, "telefone": "(11) 98743-9604", "tipo_cliente": null, "segmento": null, "ativo": true, "observacao": "", "data_cadastro": "2025-07-09T14:51:32.883Z", "criado_por": null, "programa_fidelidade": null, "pontos_fidelidade": 0, "nome_loja": null, "tags": []}}, {"model": "clientes.cliente", "pk": 30, "fields": {"codigo": "00029", "cpf_cnpj": null, "nome": "HELO MORAES", "email": null, "telefone": "(62) 99434-1921", "tipo_cliente": null, "segmento": null, "ativo": true, "observacao": "", "data_cadastro": "2025-07-09T14:53:33.164Z", "criado_por": null, "programa_fidelidade": null, "pontos_fidelidade": 0, "nome_loja": null, "tags": []}}, {"model": "clientes.cliente", "pk": 31, "fields": {"codigo": "00030", "cpf_cnpj": null, "nome": "REINALDO FRANS", "email": null, "telefone": "(11) 98181-8802", "tipo_cliente": 2, "segmento": 1, "ativo": true, "observacao": "", "data_cadastro": "2025-07-09T14:58:35.891Z", "criado_por": null, "programa_fidelidade": null, "pontos_fidelidade": 0, "nome_loja": "CAMIS KRUGUER", "tags": []}}]